urun_linki,urun_adi,fiyat,teknik_ozellikler,enerji_sinifi,favori_sayisi,yorum_sayisi,renk_secenekleri,urun_ozellikleri,yorumlar
https://www.beko.com.tr/no-frost-buzdolabi/683616-ei-buzdolabi,683616 EI Yapay Zeka Teknolojili No Frost Buzdolabı,88.409 TL,"{""Dondurucu Bölme Teknolojisi"": ""Sabit Set Değerli"", ""76 cm"": ""Derinlik"", ""83 cm"": ""Genişlik"", ""193 cm"": ""Yükseklik"", ""Sıcaklık Yükselme Süresi (Saat)"": ""14"", ""Ürün Rengi"": ""Leke Tutmayan İnoks"", ""Dondurucu Yeri"": ""Dondurucu Altta"", ""Elektronik Gösterge"": ""Electronic display on door – Kapı üzerinde elektronik display (Touch)"", ""Kontrol Sistemi"": ""Elektronik"", ""Tatil Modu"": ""Var"", ""ProSmart™ Inverter Kompresör"": ""Var"", ""Aydınlatma Tipi"": ""Tavandan LED aydınlatma"", ""Kapı Yönü Değiştirme"": ""Var"", ""İklim Sınıfı"": ""SN-T"", ""Ses Seviyesi"": ""34 dBA"", ""Toplam Hacim (L)"": ""615 L"", ""Ses Seviyesi Sınıfı"": ""B"", ""Soğutma/Dondurma Modu"": ""Taze gıda / Dondurucu (Dört yıldızlı)"", ""Soğutma Sistemi"": ""No Frost"", ""Soğutucu Bölme Fanı"": ""Var"", ""EverFresh+ Teknolojisi"": ""Var"", ""HarvestFresh™"": ""Standard"", ""Soğutucu Bölme Hacmi (L)"": ""430 L"", ""Kahvaltılık Çekmecesi"": ""Var"", ""Dondurucu Çekmece Sayısı"": ""3"", ""Buzluk Tipi"": ""Kapaklı ve Buz Haneli Buzluk (1 Adet)"", ""Günlük Dondurma Kapasitesi (kg)"": ""10 kg"", ""Dondurucu Bölme Aydınlatma Tipi"": ""Aydınlatmalı Özel Kapı Tasarımı"", ""Dondurucu Bölme Hacmi (L)"": ""185 L"", ""Sebzelik Adedi"": ""1"", ""Enerji Sınıfı"": ""C"", ""Yıllık Enerji Tüketimi (kWh)"": ""213.7"", ""Günlük Enerji Tüketimi (kwh/Gün)"": ""0.585"", ""Günlük enerji tüketimi 16°C (kWh/24h) (EU_2021_EP)"": ""0.331"", ""Ağırlık: Paketsiz"": ""115 kg"", ""Boyut (cm) (GxYxD)"": ""83.2 cm"", ""Derinlik"": ""76.2 cm""}",C,104,,[],"{""Dondurucu Bölme Teknolojisi"": ""Sabit Set Değerli""}","[{""yildiz"": ""5"", ""baslik"": ""Beko Teşekkürler"", ""sahip_adi"": ""ergün g"", ""tarih"": ""06-10-2025"", ""metin"": ""daha önce Beko D enerji özellikli 557 litre hacimli buzdolabım vardı ,3 yıla yakındır kullanıyordum garanti kapsamında degişim kararı verildi.bende müşteri temsilcisi ile görüşerek cuzi fiyat farkını kabul ederek Cenerji sınıfı ve biraz daha büyük bu buzdolabını istedim.Beko yetkilileride bu istegimi geri çevirmeyerek yeni buzdolabını yolladılar.bana göre en önemli farkı diger buzdolabına göre daha sessiz olması.kullanımı,büyük olması ve dondurucu kısmınıda buzdolabı gibi kullanabilme yada kapatabilme özelligi.teşekkürler BEKO"", ""evet_sayisi"": ""2"", ""hayir_sayisi"": ""1"", ""cevap"": ""Müşteri Temsilcisi: Merhaba, sizin memnuniyetiniz en öncelikli hedefimiz. Güzel yorumunuz için teşekkür ederiz.""}, {""yildiz"": ""5"", ""baslik"": ""En iyi modeli"", ""sahip_adi"": ""Onur Y"", ""tarih"": ""18-07-2025"", ""metin"": ""Bence ürettiği en iyi modellerden biri. İnanılmaz geniş gören herkes şaşırıyor."", ""evet_sayisi"": ""2"", ""hayir_sayisi"": ""Hayır"", ""cevap"": ""Müşteri Temsilcisi: Görüşleriniz bizim için çok değerli, paylaşımınız için teşekkür ederiz.""}, {""yildiz"": ""5"", ""baslik"": ""Beko harika"", ""sahip_adi"": ""İsmail A"", ""tarih"": ""22-10-2024"", ""metin"": ""Evindeki tüm beyaz eşyalar Beko marka güvenerek aldım, sorunsuz kullanıyorum."", ""evet_sayisi"": ""Evet"", ""hayir_sayisi"": ""1"", ""cevap"": ""Müşteri Temsilcisi: Merhaba, görüşleriniz bizim için çok değerli, bu güzel paylaşımınız için çok teşekkür ederiz.""}]"
https://www.beko.com.tr/no-frost-buzdolabi/678551-egc-ai-fit-buzdolabi,678551 EGC AI Fit No Frost Buzdolabı,Fiyat Bulunamadı,"{""76 cm"": ""Derinlik"", ""78 cm"": ""Genişlik"", ""188 cm"": ""Yükseklik"", ""Sıcaklık Yükselme Süresi (Saat)"": ""14"", ""Ürün Rengi"": ""Glass – manhattan grey"", ""Dondurucu Yeri"": ""Dondurucu Altta"", ""Ürün Tipi"": ""Çift Kapılı"", ""Elektronik Gösterge"": ""Electronic display on door – Kapı üzerinde elektronik display (Touch)"", ""Kontrol Sistemi"": ""Elektronik"", ""Tatil Modu"": ""Var"", ""ProSmart™ Inverter Kompresör"": ""Var"", ""Aydınlatma Tipi"": ""Tavandan LED aydınlatma"", ""Kapı Yönü Değiştirme"": ""Var"", ""İklim Sınıfı"": ""SN-T"", ""Ses Seviyesi"": ""35 dBA"", ""Toplam Hacim (L)"": ""551 L"", ""Ses Seviyesi Sınıfı"": ""B"", ""Soğutma Sistemi"": ""No Frost"", ""Soğutucu Bölme Fanı"": ""Var"", ""EverFresh+ Teknolojisi"": ""Var"", ""HarvestFresh™"": ""Standard"", ""Soğutucu Bölme Hacmi (L)"": ""401 L"", ""Kahvaltılık Çekmecesi"": ""Var"", ""Dondurucu Çekmece Sayısı"": ""2"", ""Buzluk Tipi"": ""Kapaklı ve Buz Haneli Buzluk (1 Adet)"", ""Dondurucu Bölme Aydınlatma Tipi"": ""Aydınlatmalı Özel Kapı Tasarımı"", ""Günlük Dondurma Kapasitesi (kg/Gün)"": ""7 kg"", ""Dondurucu Bölme Hacmi (L)"": ""150 L"", ""Sebzelik Adedi"": ""1"", ""Enerji Sınıfı"": ""D"", ""Yıllık Enerji Tüketimi (kWh)"": ""240.4"", ""Günlük Enerji Tüketimi (kwh/Gün)"": ""0.653"", ""Günlük enerji tüketimi 16°C (kWh/24h) (EU_2021_EP)"": ""0.384"", ""Ağırlık: Paketsiz"": ""105 kg"", ""Boyut (cm) (GxYxD)"": ""78 cm"", ""Derinlik"": ""76 cm""}",D,4,,[],{},[]
https://www.beko.com.tr/no-frost-buzdolabi/678551-ebc-ai-fit-buzdolabi,678551 EBC AI Fit Beyaz Cam Yapay Zeka Teknolojili No Frost Buzdolabı,Fiyat Bulunamadı,"{""76 cm"": ""Derinlik"", ""78 cm"": ""Genişlik"", ""188 cm"": ""Yükseklik"", ""Sıcaklık Yükselme Süresi (Saat)"": ""14"", ""Ürün Rengi"": ""Beyaz Cam"", ""Dondurucu Yeri"": ""Dondurucu Altta"", ""Ürün Tipi"": ""Çift Kapılı"", ""Elektronik Gösterge"": ""Electronic display on door – Kapı üzerinde elektronik display (Touch)"", ""Kontrol Sistemi"": ""Elektronik"", ""Tatil Modu"": ""Var"", ""ProSmart™ Inverter Kompresör"": ""Var"", ""Aydınlatma Tipi"": ""Tavandan LED aydınlatma"", ""Kapı Yönü Değiştirme"": ""Var"", ""İklim Sınıfı"": ""SN-T"", ""Ses Seviyesi"": ""35 dBA"", ""Toplam Hacim (L)"": ""551 L"", ""Ses Seviyesi Sınıfı"": ""B"", ""Soğutma Sistemi"": ""No Frost"", ""Soğutucu Bölme Fanı"": ""Var"", ""EverFresh+ Teknolojisi"": ""Var"", ""HarvestFresh™"": ""Standard"", ""Soğutucu Bölme Hacmi (L)"": ""401 L"", ""Kahvaltılık Çekmecesi"": ""Var"", ""Dondurucu Çekmece Sayısı"": ""2"", ""Buzluk Tipi"": ""Kapaklı ve Buz Haneli Buzluk (1 Adet)"", ""Dondurucu Bölme Aydınlatma Tipi"": ""Aydınlatmalı Özel Kapı Tasarımı"", ""Günlük Dondurma Kapasitesi (kg/Gün)"": ""7 kg"", ""Dondurucu Bölme Hacmi (L)"": ""150 L"", ""Sebzelik Adedi"": ""1"", ""Enerji Sınıfı"": ""D"", ""Yıllık Enerji Tüketimi (kWh)"": ""240.4"", ""Günlük Enerji Tüketimi (kwh/Gün)"": ""0.653"", ""Günlük enerji tüketimi 16°C (kWh/24h) (EU_2021_EP)"": ""0.384"", ""Ağırlık: Paketsiz"": ""105 kg"", ""Boyut (cm) (GxYxD)"": ""78 cm"", ""Derinlik"": ""76 cm""}",D,7,,[],{},"[{""yildiz"": ""5"", ""baslik"": ""güzel"", ""sahip_adi"": ""Berk Y"", ""tarih"": ""16-04-2026"", ""metin"": ""ev"", ""evet_sayisi"": ""Evet"", ""hayir_sayisi"": ""Hayır"", ""cevap"": ""Müşteri Temsilcisi: Merhaba, memnuniyetinizi paylaştığınız için teşekkür ederiz,""}]"
https://www.beko.com.tr/no-frost-buzdolabi/678551-esc-buzdolabi,678551 ESC Siyah Cam No Frost Buzdolabı,Fiyat Bulunamadı,"{""Dondurucu Bölme Teknolojisi"": ""Sabit Set Değerli"", ""76 cm"": ""Derinlik"", ""78 cm"": ""Genişlik"", ""187 cm"": ""Yükseklik"", ""Sıcaklık Yükselme Süresi (Saat)"": ""14"", ""Ürün Rengi"": ""Siyah Cam"", ""Dondurucu Yeri"": ""Dondurucu Altta"", ""Elektronik Gösterge"": ""Electronic display on door – Kapı üzerinde elektronik display (Touch)"", ""Kontrol Sistemi"": ""Elektronik"", ""Tatil Modu"": ""Var"", ""ProSmart™ Inverter Kompresör"": ""Var"", ""Aydınlatma Tipi"": ""Tavandan LED aydınlatma"", ""Kapı Yönü Değiştirme"": ""Var"", ""İklim Sınıfı"": ""SN-T"", ""Ses Seviyesi"": ""35 dBA"", ""Toplam Hacim (L)"": ""551 L"", ""Ses Seviyesi Sınıfı"": ""B"", ""Soğutma/Dondurma Modu"": ""Taze gıda / Dondurucu (Dört yıldızlı)"", ""Soğutma Sistemi"": ""No Frost"", ""Soğutucu Bölme Fanı"": ""Var"", ""EverFresh+ Teknolojisi"": ""Var"", ""HarvestFresh™"": ""Standard"", ""Soğutucu Bölme Hacmi (L)"": ""401 L"", ""Kahvaltılık Çekmecesi"": ""Var"", ""Dondurucu Çekmece Sayısı"": ""2"", ""Buzluk Tipi"": ""Kapaklı ve Buz Haneli Buzluk (1 Adet)"", ""Günlük Dondurma Kapasitesi (kg)"": ""7 kg"", ""Dondurucu Bölme Aydınlatma Tipi"": ""Aydınlatmalı Özel Kapı Tasarımı"", ""Dondurucu Bölme Hacmi (L)"": ""150 L"", ""Sebzelik Adedi"": ""1"", ""Enerji Sınıfı"": ""D"", ""Yıllık Enerji Tüketimi (kWh)"": ""240.4"", ""Günlük Enerji Tüketimi (kwh/Gün)"": ""0.653"", ""Günlük enerji tüketimi 16°C (kWh/24h) (EU_2021_EP)"": ""0.384"", ""Ağırlık: Paketsiz"": ""105 kg"", ""Boyut (cm) (GxYxD)"": ""78 cm"", ""Derinlik"": ""76 cm""}",D,41,,[],"{""Dondurucu Bölme Teknolojisi"": ""Sabit Set Değerli""}","[{""yildiz"": ""5"", ""baslik"": """", ""sahip_adi"": ""Ayşe Ö"", ""tarih"": ""18-01-2025"", ""metin"": ""Üründen çok memnun kaldım. Gıdalar kesinlikle bozulmuyor. Yeşilliklerde sararma dahi olmuyor. Elektiriği tasarruflu kullanıyor.Düşünüyorsanız kesinlikle tereddüt etmeyin derim."", ""evet_sayisi"": ""2"", ""hayir_sayisi"": ""Hayır"", ""cevap"": ""Müşteri Temsilcisi: Merhaba, memnuniyetinizi paylaştığınız için çok teşekkür ederiz, size hayatınızı kolaylaştıran kaliteli ürünler sunmaya devam edeceğiz.""}]"
https://www.beko.com.tr/no-frost-buzdolabi/670475-iebc-buzdolabi,670475 IEBC AI Beyaz Cam No Frost Buzdolabı,Fiyat Bulunamadı,"{""75 cm"": ""Derinlik"", ""70 cm"": ""Genişlik"", ""187 cm"": ""Yükseklik"", ""Sıcaklık Yükselme Süresi (Saat)"": ""15"", ""Ürün Rengi"": ""Beyaz Cam"", ""Dondurucu Yeri"": ""Dondurucu Altta"", ""Ürün Tipi"": ""Çift Kapılı"", ""Elektronik Gösterge"": ""Electronic display Inside Body – Gövde içi display (Tact)"", ""Kontrol Sistemi"": ""Elektronik"", ""Tatil Modu"": ""Var"", ""Aydınlatma Tipi"": ""Tavandan LED aydınlatma"", ""Kapı Yönü Değiştirme"": ""Var"", ""İklim Sınıfı"": ""SN-T"", ""Ses Seviyesi"": ""36 dBA"", ""Toplam Hacim (L)"": ""475 L"", ""Ses Seviyesi Sınıfı"": ""C"", ""Soğutma Sistemi"": ""No Frost"", ""Soğutucu Bölme Fanı"": ""Var"", ""HarvestFresh™"": ""Standard"", ""Soğutucu Bölme Hacmi (L)"": ""340 L"", ""Kahvaltılık Çekmecesi"": ""Var"", ""Dondurucu Çekmece Sayısı"": ""2"", ""Buzluk Tipi"": ""Kapaklı ve Buz Haneli Buzluk (1 Adet)"", ""Günlük Dondurma Kapasitesi (kg/Gün)"": ""8.5 kg"", ""Dondurucu Bölme Hacmi (L)"": ""135 L"", ""Sebzelik Adedi"": ""1"", ""Enerji Sınıfı"": ""E"", ""Yıllık Enerji Tüketimi (kWh)"": ""284.7"", ""Günlük Enerji Tüketimi (kwh/Gün)"": ""0.78"", ""Günlük enerji tüketimi 16°C (kWh/24h) (EU_2021_EP)"": ""0.48"", ""Ağırlık: Paketsiz"": ""87.5 kg"", ""Boyut (cm) (GxYxD)"": ""70 cm"", ""Derinlik"": ""74.5 cm""}",E,4,,[],{},[]
https://www.beko.com.tr/no-frost-buzdolabi/670475-iesc-buzdolabi,670475 IESC AI Siyah Cam Yapay Zeka Teknolojili No Frost Buzdolabı,Fiyat Bulunamadı,"{""75 cm"": ""Derinlik"", ""70 cm"": ""Genişlik"", ""187 cm"": ""Yükseklik"", ""Sıcaklık Yükselme Süresi (Saat)"": ""15"", ""Ürün Rengi"": ""Siyah Cam"", ""Dondurucu Yeri"": ""Dondurucu Altta"", ""Ürün Tipi"": ""Çift Kapılı"", ""Elektronik Gösterge"": ""Electronic display Inside Body – Gövde içi display (Tact)"", ""Kontrol Sistemi"": ""Elektronik"", ""Tatil Modu"": ""Var"", ""Aydınlatma Tipi"": ""Tavandan LED aydınlatma"", ""Kapı Yönü Değiştirme"": ""Var"", ""İklim Sınıfı"": ""SN-T"", ""Ses Seviyesi"": ""36 dBA"", ""Toplam Hacim (L)"": ""475 L"", ""Ses Seviyesi Sınıfı"": ""C"", ""Soğutma Sistemi"": ""No Frost"", ""Soğutucu Bölme Fanı"": ""Var"", ""HarvestFresh™"": ""Standard"", ""Soğutucu Bölme Hacmi (L)"": ""340 L"", ""Kahvaltılık Çekmecesi"": ""Var"", ""Dondurucu Çekmece Sayısı"": ""2"", ""Buzluk Tipi"": ""Kapaklı ve Buz Haneli Buzluk (1 Adet)"", ""Günlük Dondurma Kapasitesi (kg/Gün)"": ""8.5 kg"", ""Dondurucu Bölme Hacmi (L)"": ""135 L"", ""Sebzelik Adedi"": ""1"", ""Enerji Sınıfı"": ""E"", ""Yıllık Enerji Tüketimi (kWh)"": ""284.7"", ""Günlük Enerji Tüketimi (kwh/Gün)"": ""0.78"", ""Günlük enerji tüketimi 16°C (kWh/24h) (EU_2021_EP)"": ""0.48"", ""Ağırlık: Paketsiz"": ""87.5 kg"", ""Boyut (cm) (GxYxD)"": ""70 cm"", ""Derinlik"": ""74.5 cm""}",E,10,,[],{},[]
https://www.beko.com.tr/no-frost-buzdolabi/970406-mb-buzdolabi,970406 MB No Frost Buzdolabı,Fiyat Bulunamadı,"{""66 cm"": ""Derinlik"", ""70 cm"": ""Genişlik"", ""185 cm"": ""Yükseklik"", ""Sıcaklık Yükselme Süresi (Saat)"": ""10"", ""Ürün Rengi"": ""Beyaz"", ""Dondurucu Yeri"": ""Dondurucu Üstte"", ""Ürün Tipi"": ""Çift Kapılı"", ""Kontrol Sistemi"": ""Mekanik Sensörlü"", ""Tatil Modu"": ""Var"", ""Eko Modu"": ""Var"", ""Aydınlatma Tipi"": ""Sol yan duvarda LED aydınlatma"", ""Kapı Yönü Değiştirme"": ""Var"", ""İklim Sınıfı"": ""SN-T"", ""Ses Seviyesi"": ""39 dBA"", ""Toplam Hacim (L)"": ""406 L"", ""Ses Seviyesi Sınıfı"": ""C"", ""Soğutma Sistemi"": ""No Frost"", ""Soğutucu Bölme Fanı"": ""Var"", ""Soğutucu Bölme Hacmi (L)"": ""313 L"", ""Kahvaltılık Çekmecesi"": ""Var"", ""Buzluk Tipi"": ""Kapaklı ve Buz Haneli Buzluk (1 Adet)"", ""Günlük Dondurma Kapasitesi (kg/Gün)"": ""5.5 kg"", ""Dondurucu Bölme Hacmi (L)"": ""93 L"", ""Sebzelik Adedi"": ""1"", ""Enerji Sınıfı"": ""E"", ""Yıllık Enerji Tüketimi (kWh)"": ""243"", ""Günlük Enerji Tüketimi (kwh/Gün)"": ""0.666"", ""Günlük enerji tüketimi 16°C (kWh/24h) (EU_2021_EP)"": ""0.4"", ""Ağırlık: Paketsiz"": ""75 kg"", ""Boyut (cm) (GxYxD)"": ""70 cm"", ""Derinlik"": ""65.5 cm""}",E,90,,[],{},"[{""yildiz"": ""5"", ""baslik"": ""406"", ""sahip_adi"": ""Ülkü A"", ""tarih"": ""03-07-2025"", ""metin"": ""406 modeli 2 kişi için ideal. İç hacmi bizce küçük boşken yanıltıcı olabiliyor kullandıkça bunu anlıyorsunuz. Işıklandırma iyi enerji tasarrufu iyi. Yan duvarlarda aşırı ısınma ve zaman zaman klima sesini andıran fan uğultusu var. Yıllarca klasik buzdolabı kullandıysanız nofrostun sesi değişik gelebilir. Sebzelik tek bölmeli en azından dileyen için ortadan ikiye bölecek bir aparat olabilirdi. Dolabın ayakları her zemine basacak yumuşak ve daha geniş plastikten olmalı. Yer problemi olmayanlar bir üst model 476 yı düşünmeli. Genel olarak bu fiyatlara sahip bir üründe yüksek beklentiler içinde olmak yerine bu fiyata servis parça garantisi olan bir dolap edindik diyebiliriz. Ortalama bir ürün bizce. Daha da geliştirilebilir. Ayrıca üstüne dantelli örtü ile fırın da koyulamıyor."", ""evet_sayisi"": ""1"", ""hayir_sayisi"": ""Hayır"", ""cevap"": ""Müşteri Temsilcisi: Merhaba, Arçelik iletişim merkezinden Umut ben. değerli görüşlerinizi bizimle paylaştığınız için teşekkür ederiz.""}, {""yildiz"": ""5"", ""baslik"": ""BEKO Kalitesi 💕"", ""sahip_adi"": ""Okan B"", ""tarih"": ""21-06-2025"", ""metin"": ""Düşünmeden alın!"", ""evet_sayisi"": ""Evet"", ""hayir_sayisi"": ""Hayır"", ""cevap"": ""Müşteri Temsilcisi: Merhaba, yorumunuz için teşekkür ederiz.""}, {""yildiz"": ""5"", ""baslik"": """", ""sahip_adi"": ""Mustafa Ç"", ""tarih"": ""10-04-2025"", ""metin"": ""Ürün güzel 3-4 kişi için yeterli sesi az genel olarak beğendik."", ""evet_sayisi"": ""1"", ""hayir_sayisi"": ""Hayır"", ""cevap"": ""Müşteri Temsilcisi: Merhaba, Beko iletişim merkezinden Sıla ben. Yorumunuz için teşekkür ederiz.""}, {""yildiz"": ""5"", ""baslik"": ""Buzdolabı"", ""sahip_adi"": ""Tahir K"", ""tarih"": ""09-11-2024"", ""metin"": ""Üründen memnun kaldık"", ""evet_sayisi"": ""1"", ""hayir_sayisi"": ""Hayır"", ""cevap"": ""Müşteri Temsilcisi: Merhaba , görüşleriniz bizim için çok değerli, bu güzel paylaşımınız için çok teşekkür ederiz.""}]"
https://www.beko.com.tr/no-frost-buzdolabi/678551-edi-buzdolabi,678551 EDI Tencere Soğutma Teknolojili No Frost Buzdolabı,Fiyat Bulunamadı,"{""76 cm"": ""Derinlik"", ""78 cm"": ""Genişlik"", ""188 cm"": ""Yükseklik"", ""Sıcaklık Yükselme Süresi (Saat)"": ""14"", ""Ürün Rengi"": ""Dark Inox"", ""Dondurucu Yeri"": ""Dondurucu Altta"", ""Elektronik Gösterge"": ""Electronic display on door – Kapı üzerinde elektronik display (Touch)"", ""Kontrol Sistemi"": ""Elektronik"", ""Tatil Modu"": ""Var"", ""ProSmart™ Inverter Kompresör"": ""Var"", ""Aydınlatma Tipi"": ""Tavandan LED aydınlatma"", ""Kapı Yönü Değiştirme"": ""Var"", ""İklim Sınıfı"": ""SN-T"", ""Ses Seviyesi"": ""35 dBA"", ""Toplam Hacim (L)"": ""551 L"", ""Ses Seviyesi Sınıfı"": ""B"", ""Soğutma/Dondurma Modu"": ""Taze gıda / Dondurucu (Dört yıldızlı)"", ""Soğutma Sistemi"": ""No Frost"", ""Soğutucu Bölme Fanı"": ""Var"", ""EverFresh+ Teknolojisi"": ""Var"", ""HarvestFresh™"": ""Standard"", ""Soğutucu Bölme Hacmi (L)"": ""401 L"", ""Kahvaltılık Çekmecesi"": ""Var"", ""Dondurucu Çekmece Sayısı"": ""2"", ""Buzluk Tipi"": ""Kapaklı ve Buz Haneli Buzluk (1 Adet)"", ""Günlük Dondurma Kapasitesi (kg)"": ""7 kg"", ""Dondurucu Bölme Aydınlatma Tipi"": ""Aydınlatmalı Özel Kapı Tasarımı"", ""Dondurucu Bölme Hacmi (L)"": ""150 L"", ""Sebzelik Adedi"": ""1"", ""Enerji Sınıfı"": ""D"", ""Yıllık Enerji Tüketimi (kWh)"": ""240.4"", ""Günlük Enerji Tüketimi (kwh/Gün)"": ""0.653"", ""Günlük enerji tüketimi 16°C (kWh/24h) (EU_2021_EP)"": ""0.384"", ""Ağırlık: Paketsiz"": ""105 kg"", ""Boyut (cm) (GxYxD)"": ""78 cm"", ""Derinlik"": ""76 cm""}",D,36,,[],{},"[{""yildiz"": ""5"", ""baslik"": ""Ürün gayet güzel"", ""sahip_adi"": ""Hakan A"", ""tarih"": ""18-10-2024"", ""metin"": ""Çok güzel bir buzdolabı geniş ve hiç sorun çıkarmıyor"", ""evet_sayisi"": ""Evet"", ""hayir_sayisi"": ""Hayır"", ""cevap"": ""Müşteri Temsilcisi: Merhaba, görüşleriniz bizim için çok değerli, bu güzel paylaşımınız için çok teşekkür ederiz.""}]"
https://www.beko.com.tr/no-frost-buzdolabi/970477-eb-buzdolabi,970477 EB No Frost Buzdolabı,Fiyat Bulunamadı,"{""75 cm"": ""Derinlik"", ""70 cm"": ""Genişlik"", ""187 cm"": ""Yükseklik"", ""Sıcaklık Yükselme Süresi (Saat)"": ""15"", ""Ürün Rengi"": ""Beyaz"", ""Dondurucu Yeri"": ""Dondurucu Üstte"", ""Ürün Tipi"": ""Çift Kapılı"", ""Elektronik Gösterge"": ""Electronic display on door – Kapı üzerinde elektronik display (Tact)"", ""Kontrol Sistemi"": ""Elektronik"", ""Tatil Modu"": ""Var"", ""Aydınlatma Tipi"": ""Tavandan parlak LED"", ""Kapı Yönü Değiştirme"": ""Var"", ""İklim Sınıfı"": ""SN-T"", ""Ses Seviyesi"": ""38 dBA"", ""Toplam Hacim (L)"": ""477 L"", ""Ses Seviyesi Sınıfı"": ""C"", ""Soğutma Sistemi"": ""No Frost"", ""Soğutucu Bölme Fanı"": ""Var"", ""Soğutucu Bölme Hacmi (L)"": ""354 L"", ""Kahvaltılık Çekmecesi"": ""Var"", ""Buzluk Tipi"": ""Kapaklı buzluk"", ""Dondurucu Bölme Aydınlatma Tipi"": ""LED"", ""Günlük Dondurma Kapasitesi (kg/Gün)"": ""5.6 kg"", ""Dondurucu Bölme Hacmi (L)"": ""123 L"", ""Sebzelik Adedi"": ""1"", ""Enerji Sınıfı"": ""E"", ""Yıllık Enerji Tüketimi (kWh)"": ""274.2"", ""Günlük Enerji Tüketimi (kwh/Gün)"": ""0.74"", ""Günlük enerji tüketimi 16°C (kWh/24h) (EU_2021_EP)"": ""0.438"", ""Ağırlık: Paketsiz"": ""81 kg"", ""Boyut (cm) (GxYxD)"": ""70 cm"", ""Derinlik"": ""74.6 cm""}",E,61,,[],{},[]
https://www.beko.com.tr/no-frost-buzdolabi/678550-ei-fit-buzdolabi,678550 EI Fit No Frost Buzdolabı,Fiyat Bulunamadı,"{""76 cm"": ""Derinlik"", ""78 cm"": ""Genişlik"", ""188 cm"": ""Yükseklik"", ""Sıcaklık Yükselme Süresi (Saat)"": ""14"", ""Ürün Rengi"": ""Leke Tutmayan İnoks"", ""Dondurucu Yeri"": ""Dondurucu Altta"", ""Elektronik Gösterge"": ""Electronic display on door – Kapı üzerinde elektronik display (Touch)"", ""Kontrol Sistemi"": ""Elektronik"", ""Tatil Modu"": ""Var"", ""ProSmart™ Inverter Kompresör"": ""Var"", ""Aydınlatma Tipi"": ""Tavandan LED aydınlatma"", ""Kapı Yönü Değiştirme"": ""Var"", ""İklim Sınıfı"": ""SN-T"", ""Ses Seviyesi"": ""35 dBA"", ""Toplam Hacim (L)"": ""551 L"", ""Ses Seviyesi Sınıfı"": ""B"", ""Soğutma Sistemi"": ""No Frost"", ""Soğutucu Bölme Fanı"": ""Var"", ""HarvestFresh™"": ""Standard"", ""Soğutucu Bölme Hacmi (L)"": ""401 L"", ""Kahvaltılık Çekmecesi"": ""Var"", ""Dondurucu Çekmece Sayısı"": ""2"", ""Buzluk Tipi"": ""Kapaklı ve Buz Haneli Buzluk (1 Adet)"", ""Dondurucu Bölme Aydınlatma Tipi"": ""Aydınlatmalı Özel Kapı Tasarımı"", ""Günlük Dondurma Kapasitesi (kg/Gün)"": ""7 kg"", ""Dondurucu Bölme Hacmi (L)"": ""150 L"", ""Sebzelik Adedi"": ""1"", ""Enerji Sınıfı"": ""E"", ""Yıllık Enerji Tüketimi (kWh)"": ""301"", ""Günlük Enerji Tüketimi (kwh/Gün)"": ""0.825"", ""Günlük enerji tüketimi 16°C (kWh/24h) (EU_2021_EP)"": ""0.49"", ""Ağırlık: Paketsiz"": ""105 kg"", ""Boyut (cm) (GxYxD)"": ""78 cm"", ""Derinlik"": ""76 cm""}",E,54,,[],{},"[{""yildiz"": ""5"", ""baslik"": ""Çok sessiz"", ""sahip_adi"": ""Önder P"", ""tarih"": ""29-08-2025"", ""metin"": ""Ürünü bayiden aldım, satıcı arkadaşın tavsiyesi ile bu modeli seçtik çok da doğru yaptık. Şunu belirtmeliyim ki yetkili servis buzdolabını eve getirip kurulumunu yaptıktan sonra fişe taktı ve ben buzdolabının bozuk çıktığını düşündüm çünkü dolaptan hiç ses gelmiyor. Ayrıca dolap sebze ve meyveyi uzun süre bozulmadan saklıyor ve elektrik tüketimi de günlük 0.8 kw kadar. Kesinlikle tavsiye ederim."", ""evet_sayisi"": ""1"", ""hayir_sayisi"": ""Hayır"", ""cevap"": ""Müşteri Temsilcisi: Merhaba, sizin memnuniyetiniz en öncelikli hedefimiz. Güzel yorumunuz için teşekkür ederiz.""}]"
https://www.beko.com.tr/no-frost-buzdolabi/678550-eb-fit-buzdolabi,678550 EB ElegantFit No Frost Buzdolabı,Fiyat Bulunamadı,"{""76 cm"": ""Derinlik"", ""78 cm"": ""Genişlik"", ""188 cm"": ""Yükseklik"", ""Sıcaklık Yükselme Süresi (Saat)"": ""14"", ""Ürün Rengi"": ""Beyaz"", ""Dondurucu Yeri"": ""Dondurucu Altta"", ""Elektronik Gösterge"": ""Electronic display on door – Kapı üzerinde elektronik display (Touch)"", ""Kontrol Sistemi"": ""Elektronik"", ""Tatil Modu"": ""Var"", ""ProSmart™ Inverter Kompresör"": ""Var"", ""Aydınlatma Tipi"": ""Tavandan LED aydınlatma"", ""Kapı Yönü Değiştirme"": ""Var"", ""İklim Sınıfı"": ""SN-T"", ""Ses Seviyesi"": ""35 dBA"", ""Toplam Hacim (L)"": ""551 L"", ""Ses Seviyesi Sınıfı"": ""B"", ""Soğutma Sistemi"": ""No Frost"", ""Soğutucu Bölme Fanı"": ""Var"", ""HarvestFresh™"": ""Standard"", ""Soğutucu Bölme Hacmi (L)"": ""401 L"", ""Kahvaltılık Çekmecesi"": ""Var"", ""Dondurucu Çekmece Sayısı"": ""2"", ""Buzluk Tipi"": ""Kapaklı ve Buz Haneli Buzluk (1 Adet)"", ""Dondurucu Bölme Aydınlatma Tipi"": ""Aydınlatmalı Özel Kapı Tasarımı"", ""Günlük Dondurma Kapasitesi (kg/Gün)"": ""7 kg"", ""Dondurucu Bölme Hacmi (L)"": ""150 L"", ""Sebzelik Adedi"": ""1"", ""Enerji Sınıfı"": ""E"", ""Yıllık Enerji Tüketimi (kWh)"": ""301"", ""Günlük Enerji Tüketimi (kwh/Gün)"": ""0.825"", ""Günlük enerji tüketimi 16°C (kWh/24h) (EU_2021_EP)"": ""0.49"", ""Ağırlık: Paketsiz"": ""105 kg"", ""Boyut (cm) (GxYxD)"": ""78 cm"", ""Derinlik"": ""76 cm""}",E,71,,[],{},[]
https://www.beko.com.tr/no-frost-buzdolabi/670475-mi-buzdolabi,670475 MI No Frost Buzdolabı,Fiyat Bulunamadı,"{""75 cm"": ""Derinlik"", ""70 cm"": ""Genişlik"", ""187 cm"": ""Yükseklik"", ""Sıcaklık Yükselme Süresi (Saat)"": ""15"", ""Ürün Rengi"": ""Leke Tutmayan İnoks"", ""Dondurucu Yeri"": ""Dondurucu Altta"", ""Kontrol Sistemi"": ""Elektronik"", ""Tatil Modu"": ""Var"", ""Aydınlatma Tipi"": ""Tavandan LED aydınlatma"", ""Kapı Yönü Değiştirme"": ""Var"", ""İklim Sınıfı"": ""SN-T"", ""Ses Seviyesi"": ""36 dBA"", ""Toplam Hacim (L)"": ""475 L"", ""Ses Seviyesi Sınıfı"": ""C"", ""Soğutma Sistemi"": ""No Frost"", ""Soğutucu Bölme Fanı"": ""Var"", ""Soğutucu Bölme Hacmi (L)"": ""340 L"", ""Kahvaltılık Çekmecesi"": ""Var"", ""Dondurucu Çekmece Sayısı"": ""2"", ""Buzluk Tipi"": ""Kapaklı buzluk"", ""Günlük Dondurma Kapasitesi (kg/Gün)"": ""8.5 kg"", ""Dondurucu Bölme Hacmi (L)"": ""135 L"", ""Sebzelik Adedi"": ""1"", ""Enerji Sınıfı"": ""E"", ""Yıllık Enerji Tüketimi (kWh)"": ""284.7"", ""Günlük Enerji Tüketimi (kwh/Gün)"": ""0.78"", ""Günlük enerji tüketimi 16°C (kWh/24h) (EU_2021_EP)"": ""0.48"", ""Ağırlık: Paketsiz"": ""87.5 kg"", ""Boyut (cm) (GxYxD)"": ""70 cm"", ""Derinlik"": ""74.5 cm""}",E,29,,[],{},[]
https://www.beko.com.tr/statik-buzdolabi/870503-mb-buzdolabi,870503 MB Statik Buzdolabı,Fiyat Bulunamadı,"{""73 cm"": ""Derinlik"", ""70 cm"": ""Genişlik"", ""185 cm"": ""Yükseklik""}",E,16,,[],{},[]
https://www.beko.com.tr/no-frost-buzdolabi/674533-mb-buzdolabi,674533 MB No Frost Buzdolabı,Fiyat Bulunamadı,"{""76 cm"": ""Derinlik"", ""74 cm"": ""Genişlik"", ""186 cm"": ""Yükseklik"", ""Sıcaklık Yükselme Süresi (Saat)"": ""17"", ""Ürün Rengi"": ""Beyaz"", ""Dondurucu Yeri"": ""Dondurucu Altta"", ""Ürün Tipi"": ""Çift Kapılı"", ""Elektronik Gösterge"": ""Electronic display Inside Body – Gövde içi display (Touch)"", ""Kontrol Sistemi"": ""Elektronik"", ""Tatil Modu"": ""Var"", ""Eko Modu"": ""Var"", ""ProSmart™ Inverter Kompresör"": ""Var"", ""Aydınlatma Tipi"": ""Yan duvarlarda LED aydınlatma"", ""Kapı Kilidi"": ""Mevcut Değil"", ""İklim Sınıfı"": ""SN-T"", ""Ses Seviyesi"": ""39 dBA"", ""Toplam Hacim (L)"": ""532 L"", ""Ses Seviyesi Sınıfı"": ""C"", ""Soğutma Sistemi"": ""No Frost"", ""Hızlı Soğutma"": ""Var"", ""Soğutucu Bölme Fanı"": ""Var"", ""HarvestFresh™"": ""Standard"", ""Soğutucu Bölme Hacmi (L)"": ""401 L"", ""Kahvaltılık Çekmecesi"": ""Var"", ""Dondurucu Çekmece Sayısı"": ""2"", ""Buzluk Tipi"": ""Kapaklı buzluk"", ""Günlük Dondurma Kapasitesi (kg/Gün)"": ""6 kg"", ""Dondurucu Bölme Hacmi (L)"": ""131 L"", ""Sebzelik Adedi"": ""1"", ""Enerji Sınıfı"": ""E"", ""Yıllık Enerji Tüketimi (kWh)"": ""283.06"", ""Günlük Enerji Tüketimi (kwh/Gün)"": ""0.775"", ""Günlük enerji tüketimi 16°C (kWh/24h) (EU_2021_EP)"": ""0.447"", ""Ağırlık: Paketsiz"": ""97 kg"", ""Boyut (cm) (GxYxD)"": ""74 cm"", ""Derinlik"": ""75.5 cm""}",E,68,,[],{},[]
https://www.beko.com.tr/gardirop-tipi-buzdolabi/183510-ei-buzdolabi,183510 EI Gardırop Tipi Buzdolabı,Fiyat Bulunamadı,"{""70 cm"": ""Derinlik"", ""83 cm"": ""Genişlik"", ""182 cm"": ""Yükseklik"", ""Sıcaklık Yükselme Süresi (Saat)"": ""14"", ""Ürün Rengi"": ""Leke Tutmayan İnoks"", ""Dondurucu Yeri"": ""Dondurucu Altta"", ""Elektronik Gösterge"": ""Electronic display on door – Kapı üzerinde elektronik display (Touch)"", ""Kontrol Sistemi"": ""Elektronik"", ""Tatil Modu"": ""Var"", ""ProSmart™ Inverter Kompresör"": ""Var"", ""Aydınlatma Tipi"": ""Tavandan LED aydınlatma"", ""İklim Sınıfı"": ""SN-T"", ""Ses Seviyesi"": ""35 dBA"", ""Toplam Hacim (L)"": ""510 L"", ""Ses Seviyesi Sınıfı"": ""B"", ""Soğutma Sistemi"": ""No Frost"", ""Soğutucu Bölme Fanı"": ""Var"", ""EverFresh+ Teknolojisi"": ""Var"", ""HarvestFresh™"": ""Standard"", ""Soğutucu Bölme Hacmi (L)"": ""353 L"", ""Kahvaltılık Çekmecesi"": ""Var"", ""Dondurucu Çekmece Sayısı"": ""2"", ""Buzluk Tipi"": ""Kapaklı ve Buz Haneli Buzluk (1 Adet)"", ""Dondurucu Bölme Aydınlatma Tipi"": ""Aydınlatmalı Özel Kapı Tasarımı"", ""Dondurucu Sepeti"": ""2"", ""Günlük Dondurma Kapasitesi (kg/Gün)"": ""10.4 kg"", ""Dondurucu Bölme Hacmi (L)"": ""157 L"", ""Sebzelik Adedi"": ""2"", ""Enerji Sınıfı"": ""E"", ""Yıllık Enerji Tüketimi (kWh)"": ""303.35"", ""Günlük Enerji Tüketimi (kwh/Gün)"": ""0.791"", ""Günlük enerji tüketimi 16°C (kWh/24h) (EU_2021_EP)"": ""0.451"", ""Ağırlık: Paketsiz"": ""104 kg"", ""Boyut (cm) (GxYxD)"": ""83.2 cm"", ""Derinlik"": ""70 cm""}",E,19,,[],{},"[{""yildiz"": ""5"", ""baslik"": ""Harika"", ""sahip_adi"": ""Samet K"", ""tarih"": ""11-02-2026"", ""metin"": ""Harika"", ""evet_sayisi"": ""Evet"", ""hayir_sayisi"": ""Hayır"", ""cevap"": ""Müşteri Temsilcisi: Merhaba, yorumunuz için teşekkür ederiz.""}]"
https://www.beko.com.tr/no-frost-buzdolabi/670477-ei-ai-buzdolabi,670477 EI AI No Frost Buzdolabı,Fiyat Bulunamadı,"{""75 cm"": ""Derinlik"", ""70 cm"": ""Genişlik"", ""187 cm"": ""Yükseklik"", ""Sıcaklık Yükselme Süresi (Saat)"": ""15"", ""Ürün Rengi"": ""Leke Tutmayan İnoks"", ""Dondurucu Yeri"": ""Dondurucu Altta"", ""Ürün Tipi"": ""Çift Kapılı"", ""Elektronik Gösterge"": ""Electronic display on door – Kapı üzerinde elektronik display (Touch)"", ""Kontrol Sistemi"": ""Elektronik"", ""Tatil Modu"": ""Var"", ""Aydınlatma Tipi"": ""Tavandan LED aydınlatma"", ""Kapı Yönü Değiştirme"": ""Var"", ""İklim Sınıfı"": ""SN-T"", ""Ses Seviyesi"": ""36 dBA"", ""Toplam Hacim (L)"": ""475 L"", ""Ses Seviyesi Sınıfı"": ""C"", ""Soğutma Sistemi"": ""No Frost"", ""Soğutucu Bölme Fanı"": ""Var"", ""HarvestFresh™"": ""Standard"", ""Soğutucu Bölme Hacmi (L)"": ""340 L"", ""Kahvaltılık Çekmecesi"": ""Var"", ""Dondurucu Çekmece Sayısı"": ""2"", ""Buzluk Tipi"": ""Kapaklı ve Buz Haneli Buzluk (1 Adet)"", ""Günlük Dondurma Kapasitesi (kg/Gün)"": ""8.5 kg"", ""Dondurucu Bölme Hacmi (L)"": ""135 L"", ""Sebzelik Adedi"": ""1"", ""Enerji Sınıfı"": ""E"", ""Yıllık Enerji Tüketimi (kWh)"": ""284.7"", ""Günlük Enerji Tüketimi (kwh/Gün)"": ""0.78"", ""Günlük enerji tüketimi 16°C (kWh/24h) (EU_2021_EP)"": ""0.48"", ""Ağırlık: Paketsiz"": ""87.5 kg"", ""Boyut (cm) (GxYxD)"": ""70 cm"", ""Derinlik"": ""74.5 cm""}",E,19,,[],{},"[{""yildiz"": ""5"", ""baslik"": ""Güzel"", ""sahip_adi"": ""Murat A"", ""tarih"": ""05-04-2026"", ""metin"": ""Süper"", ""evet_sayisi"": ""Evet"", ""hayir_sayisi"": ""Hayır"", ""cevap"": ""Müşteri Temsilcisi: Merhaba, yorumunuz için teşekkür ederiz.""}]"
https://www.beko.com.tr/no-frost-buzdolabi/674581-ei-buzdolabi,674581 EI No Frost Buzdolabı,Fiyat Bulunamadı,"{""76 cm"": ""Derinlik"", ""74 cm"": ""Genişlik"", ""186 cm"": ""Yükseklik"", ""Sıcaklık Yükselme Süresi (Saat)"": ""17"", ""Ürün Rengi"": ""Leke Tutmayan İnoks"", ""Dondurucu Yeri"": ""Dondurucu Altta"", ""Ürün Tipi"": ""Çift Kapılı"", ""Elektronik Gösterge"": ""Electronic display on door – Kapı üzerinde elektronik display (Touch)"", ""Kontrol Sistemi"": ""Elektronik"", ""Tatil Modu"": ""Var"", ""Eko Modu"": ""Var"", ""ProSmart™ Inverter Kompresör"": ""Var"", ""Aydınlatma Tipi"": ""Yan duvarlarda LED aydınlatma"", ""İklim Sınıfı"": ""SN-T"", ""Ses Seviyesi"": ""39 dBA"", ""Toplam Hacim (L)"": ""532 L"", ""Ses Seviyesi Sınıfı"": ""C"", ""Soğutma Sistemi"": ""No Frost"", ""Hızlı Soğutma"": ""Var"", ""Soğutucu Bölme Fanı"": ""Var"", ""Mavi Işık Teknolojisi"": ""Var"", ""EverFresh+ Teknolojisi"": ""Var"", ""Soğutucu Bölme Hacmi (L)"": ""401 L"", ""Kahvaltılık Çekmecesi"": ""Var"", ""Dondurucu Çekmece Sayısı"": ""2"", ""Buzluk Tipi"": ""Standart"", ""Günlük Dondurma Kapasitesi (kg/Gün)"": ""6 kg"", ""Dondurucu Bölme Hacmi (L)"": ""131 L"", ""Sebzelik Adedi"": ""1"", ""Enerji Sınıfı"": ""E"", ""Yıllık Enerji Tüketimi (kWh)"": ""283.06"", ""Günlük Enerji Tüketimi (kwh/Gün)"": ""0.775"", ""Günlük enerji tüketimi 16°C (kWh/24h) (EU_2021_EP)"": ""0.447"", ""Ağırlık: Paketsiz"": ""97 kg"", ""Boyut (cm) (GxYxD)"": ""74 cm"", ""Derinlik"": ""75.5 cm""}",E,180,,"[""Beyaz"", ""Leke Tutmayan İnoks""]",{},"[{""yildiz"": ""5"", ""baslik"": ""Beko Buzdalabı"", ""sahip_adi"": ""AYDIN D"", ""tarih"": ""06-11-2024"", ""metin"": ""aldığımız buzdolabı öncelikle servis tarafından itina ile kuruldu. Şu ana kadar çok iyi çalışıyor. İyi soğutuyor. ve ürünleri iyi muhafaza ediyor.Tavsiye ederim"", ""evet_sayisi"": ""1"", ""hayir_sayisi"": ""Hayır"", ""cevap"": ""Müşteri Temsilcisi: Merhaba, memnuniyetinizi paylaştığınız için çok teşekkür ederiz, size hayatınızı kolaylaştıran kaliteli ürünler sunmaya devam edeceğiz.""}]"
https://www.beko.com.tr/gardirop-tipi-buzdolabi/191641-ei-buzdolabi,191641 EI Gardırop Tipi Buzdolabı,Fiyat Bulunamadı,"{""71 cm"": ""Derinlik"", ""91 cm"": ""Genişlik"", ""179 cm"": ""Yükseklik"", ""Sıcaklık Yükselme Süresi (Saat)"": ""9"", ""Ürün Rengi"": ""Leke Tutmayan İnoks"", ""Dondurucu Yeri"": ""Dondurucu Solda"", ""Ürün Tipi"": ""Çift Kapılı"", ""Elektronik Gösterge"": ""Electronic display on door – Kapı üzerinde elektronik display (Touch)"", ""Kontrol Sistemi"": ""Elektronik"", ""Tatil Modu"": ""Var"", ""ProSmart™ Inverter Kompresör"": ""Var"", ""Aydınlatma Tipi"": ""Yan duvardan parlak LED"", ""İklim Sınıfı"": ""SN-T"", ""Ses Seviyesi"": ""38 dBA"", ""Toplam Hacim (L)"": ""580 L"", ""Ses Seviyesi Sınıfı"": ""C"", ""Soğutma Sistemi"": ""No Frost"", ""Soğutucu Bölme Fanı"": ""Var"", ""EverFresh+ Teknolojisi"": ""Var"", ""HarvestFresh™"": ""Standard"", ""Soğutucu Bölme Hacmi (L)"": ""368 L"", ""Kahvaltılık Çekmecesi"": ""Var"", ""Toplam Dondurucu Bölme Sayısı"": ""2"", ""Dondurucu Çekmece Sayısı"": ""2"", ""Buzluk Tipi"": ""Modüler 2'li twist buzluk"", ""Dondurucu Bölme Aydınlatma Tipi"": ""LED"", ""Günlük Dondurma Kapasitesi (kg/Gün)"": ""13 kg"", ""Dondurucu Bölme Hacmi (L)"": ""212 L"", ""Sebzelik Adedi"": ""2"", ""Enerji Sınıfı"": ""E"", ""Yıllık Enerji Tüketimi (kWh)"": ""327.27"", ""Günlük Enerji Tüketimi (kwh/Gün)"": ""0.878"", ""Günlük enerji tüketimi 16°C (kWh/24h) (EU_2021_EP)"": ""0.49"", ""Ağırlık: Paketsiz"": ""105.2 kg"", ""Boyut (cm) (GxYxD)"": ""91 cm"", ""Derinlik"": ""70.5 cm""}",E,46,,[],{},"[{""yildiz"": ""5"", ""baslik"": ""Harika"", ""sahip_adi"": ""Yasin S"", ""tarih"": ""29-07-2023"", ""metin"": ""Bir yıldır kullanıyoruz çok memnunuz , sol tarafın sadece buzluğa ait olması çok güzel"", ""evet_sayisi"": ""1"", ""hayir_sayisi"": ""Hayır"", ""cevap"": ""Müşteri Temsilcisi: Bunları sizden duymak çok güzel. Yorumunuz için teşekkür ederiz""}]"
https://www.beko.com.tr/no-frost-buzdolabi/674532-eb-buzdolabi,674532 EB No Frost Buzdolabı,Fiyat Bulunamadı,"{""76 cm"": ""Derinlik"", ""74 cm"": ""Genişlik"", ""186 cm"": ""Yükseklik"", ""Sıcaklık Yükselme Süresi (Saat)"": ""17"", ""Ürün Rengi"": ""Beyaz"", ""Dondurucu Yeri"": ""Dondurucu Altta"", ""Ürün Tipi"": ""Çift Kapılı"", ""Elektronik Gösterge"": ""Electronic display on door – Kapı üzerinde elektronik display (Touch)"", ""Kontrol Sistemi"": ""Elektronik"", ""Tatil Modu"": ""Var"", ""Eko Modu"": ""Var"", ""ProSmart™ Inverter Kompresör"": ""Var"", ""Aydınlatma Tipi"": ""Yan duvarlarda LED aydınlatma"", ""Kapı Kilidi"": ""Mevcut Değil"", ""İklim Sınıfı"": ""SN-T"", ""Ses Seviyesi"": ""39 dBA"", ""Toplam Hacim (L)"": ""532 L"", ""Ses Seviyesi Sınıfı"": ""C"", ""Soğutma Sistemi"": ""No Frost"", ""Hızlı Soğutma"": ""Var"", ""Soğutucu Bölme Fanı"": ""Var"", ""EverFresh+ Teknolojisi"": ""Var"", ""HarvestFresh™"": ""Standard"", ""Soğutucu Bölme Hacmi (L)"": ""401 L"", ""Kahvaltılık Çekmecesi"": ""Var"", ""Dondurucu Çekmece Sayısı"": ""2"", ""Buzluk Tipi"": ""Kapaklı ve Buz Haneli Buzluk (1 Adet)"", ""Günlük Dondurma Kapasitesi (kg/Gün)"": ""6 kg"", ""Dondurucu Bölme Hacmi (L)"": ""131 L"", ""Sebzelik Adedi"": ""1"", ""Enerji Sınıfı"": ""E"", ""Yıllık Enerji Tüketimi (kWh)"": ""283.06"", ""Günlük Enerji Tüketimi (kwh/Gün)"": ""0.775"", ""Günlük enerji tüketimi 16°C (kWh/24h) (EU_2021_EP)"": ""0.447"", ""Ağırlık: Paketsiz"": ""97 kg"", ""Boyut (cm) (GxYxD)"": ""74 cm"", ""Derinlik"": ""75.5 cm""}",E,99,,[],{},"[{""yildiz"": ""5"", ""baslik"": ""Süper"", ""sahip_adi"": ""Arzu Ç"", ""tarih"": ""27-08-2025"", ""metin"": ""2 haftadır kullanıyorum gıda çekmecesi aynı anlatıldığı gibi ürünleri poşetsiz bir şekilde koydum bozulma olmadı soğutması çok iyi çekmeceleri tasarımı harika. çok araştırırak aldım iyiki de tercih etmişim"", ""evet_sayisi"": ""Evet"", ""hayir_sayisi"": ""Hayır"", ""cevap"": ""Müşteri Temsilcisi: Merhaba, bunları sizden duymak çok güzel. Ürününüzü iyi günlerde kullanmanızı dileriz.""}]"
https://www.beko.com.tr/mini-buzdolabi/754140-mb-buzdolabi,754140 MB Mini Buzdolabı,Fiyat Bulunamadı,"{""59 cm"": ""Derinlik"", ""54 cm"": ""Genişlik"", ""84 cm"": ""Yükseklik"", ""Soğutma Sistemi"": ""Statik"", ""Soğutucu Bölme Hacmi (L)"": ""101 L"", ""Buzluk Tipi"": ""Standart buzluk"", ""Günlük Dondurma Kapasitesi (kg/Gün)"": ""2 kg"", ""Dondurucu Bölme Hacmi (L)"": ""13 L"", ""Sıcaklık Yükselme Süresi (Saat)"": ""9"", ""Ürün Rengi"": ""Beyaz"", ""Dondurucu Yeri"": ""Dondurucu Üstte"", ""Ürün Tipi"": ""Tezgah Seviyesi"", ""Kontrol Sistemi"": ""Mekanik"", ""Aydınlatma Tipi"": ""LED"", ""Kapı Yönü Değiştirme"": ""Var"", ""İklim Sınıfı"": ""T"", ""Ses Seviyesi"": ""36 dBA"", ""Toplam Hacim (L)"": ""114 L"", ""Ses Seviyesi Sınıfı"": ""C"", ""Sebzelik Adedi"": ""1"", ""Enerji Sınıfı"": ""E"", ""Yıllık Enerji Tüketimi (kWh)"": ""137"", ""Günlük Enerji Tüketimi (kwh/Gün)"": ""0.376"", ""Günlük enerji tüketimi 16°C (kWh/24h) (EU_2021_EP)"": ""0.18"", ""Ağırlık: Paketsiz"": ""24.5 kg"", ""Boyut (cm) (GxYxD)"": ""54 cm"", ""Derinlik"": ""59 cm""}",E,28,,[],{},"[{""yildiz"": ""5"", ""baslik"": ""Beko 754140MB mini buzdolabı"", ""sahip_adi"": ""Muzaffer K"", ""tarih"": ""30-04-2021"", ""metin"": ""Ben aldım ürün çok güzel tatil için memlekette kullanmak için çok uygun"", ""evet_sayisi"": ""2"", ""hayir_sayisi"": ""Hayır"", ""cevap"": """"}]"
https://www.beko.com.tr/mini-buzdolabi/74785-mb-buzdolabi,74785 MB Mini Buzdolabı,Fiyat Bulunamadı,"{""50 cm"": ""Derinlik"", ""48 cm"": ""Genişlik"", ""82 cm"": ""Yükseklik"", ""Soğutma Sistemi"": ""Statik"", ""Soğutucu Bölme Hacmi (L)"": ""73 L"", ""Dondurucu Bölme Hacmi (L)"": ""12 L"", ""Ürün Rengi"": ""Beyaz"", ""Dondurucu Yeri"": ""Dondurucu Üstte"", ""Ürün Tipi"": ""Tezgah Seviyesi"", ""Kontrol Sistemi"": ""Mekanik"", ""Aydınlatma Tipi"": ""LED"", ""Kapı Yönü Değiştirme"": ""Var"", ""İklim Sınıfı"": ""T"", ""Ses Seviyesi"": ""36 dBA"", ""Toplam Hacim (L)"": ""85 L"", ""Ses Seviyesi Sınıfı"": ""C"", ""Sebzelik Adedi"": ""1"", ""Enerji Sınıfı"": ""E"", ""Yıllık Enerji Tüketimi (kWh)"": ""109"", ""Günlük Enerji Tüketimi (kwh/Gün)"": ""0.298"", ""Günlük enerji tüketimi 16°C (kWh/24h) (EU_2021_EP)"": ""0.178"", ""Ağırlık: Paketsiz"": ""24.6 kg"", ""Boyut (cm) (GxYxD)"": ""47.5 cm"", ""Derinlik"": ""50 cm""}",E,8,,[],{},[]
https://www.beko.com.tr/ankastre-buzdolabi/b-7626-ts-ankastre-buzdolabi,B 7626 TS Ankastre Buzdolabı,Fiyat Bulunamadı,"{""Toplam Hacim (L)"": ""130 L"", ""Ürün Rengi"": ""Beyaz"", ""55 cm"": ""Derinlik"", ""60 cm"": ""Genişlik"", ""82 cm"": ""Yükseklik"", ""Ürün Tipi"": ""Tezgah Seviyesi"", ""Kontrol Sistemi"": ""Mekanik"", ""Aydınlatma Tipi"": ""LED"", ""Kapı Yönü Değiştirme"": ""Var"", ""Kapı Kilidi"": ""Mevcut Değil"", ""İklim Sınıfı"": ""SN-T"", ""Ses Seviyesi"": ""35 dBA"", ""Ses Seviyesi Sınıfı"": ""B"", ""Soğutma Sistemi"": ""Statik"", ""Soğutucu Bölme Hacmi (L)"": ""130 L"", ""Enerji Sınıfı"": ""E"", ""Yıllık Enerji Tüketimi (kWh)"": ""92.07"", ""Günlük Enerji Tüketimi (kwh/Gün)"": ""0.252"", ""Günlük enerji tüketimi 16°C (kWh/24h) (EU_2021_EP)"": ""0.146"", ""Ağırlık: Paketsiz"": ""30 kg"", ""Boyut (cm) (GxYxD)"": ""59.5 cm"", ""Derinlik"": ""54.5 cm""}",E,0,,[],"{""Toplam Hacim (L)"": ""130 L"", ""Ürün Rengi"": ""Beyaz""}",[]
https://www.beko.com.tr/no-frost-buzdolabi/670475-mb-buzdolabi,670475 MB No Frost Buzdolabı,Fiyat Bulunamadı,"{""75 cm"": ""Derinlik"", ""70 cm"": ""Genişlik"", ""187 cm"": ""Yükseklik"", ""Sıcaklık Yükselme Süresi (Saat)"": ""15"", ""Ürün Rengi"": ""Beyaz"", ""Dondurucu Yeri"": ""Dondurucu Altta"", ""Kontrol Sistemi"": ""Elektronik"", ""Tatil Modu"": ""Var"", ""Aydınlatma Tipi"": ""Tavandan LED aydınlatma"", ""Kapı Yönü Değiştirme"": ""Var"", ""İklim Sınıfı"": ""SN-T"", ""Ses Seviyesi"": ""36 dBA"", ""Toplam Hacim (L)"": ""475 L"", ""Ses Seviyesi Sınıfı"": ""C"", ""Soğutma Sistemi"": ""No Frost"", ""Soğutucu Bölme Fanı"": ""Var"", ""Soğutucu Bölme Hacmi (L)"": ""340 L"", ""Kahvaltılık Çekmecesi"": ""Var"", ""Dondurucu Çekmece Sayısı"": ""2"", ""Buzluk Tipi"": ""Kapaklı buzluk"", ""Günlük Dondurma Kapasitesi (kg/Gün)"": ""8.5 kg"", ""Dondurucu Bölme Hacmi (L)"": ""135 L"", ""Sebzelik Adedi"": ""1"", ""Enerji Sınıfı"": ""E"", ""Yıllık Enerji Tüketimi (kWh)"": ""284.7"", ""Günlük Enerji Tüketimi (kwh/Gün)"": ""0.78"", ""Günlük enerji tüketimi 16°C (kWh/24h) (EU_2021_EP)"": ""0.48"", ""Ağırlık: Paketsiz"": ""87.5 kg"", ""Boyut (cm) (GxYxD)"": ""70 cm"", ""Derinlik"": ""74.5 cm""}",E,135,,[],{},"[{""yildiz"": ""5"", ""baslik"": ""Yeni kulum"", ""sahip_adi"": ""Hakan D"", ""tarih"": ""28-08-2025"", ""metin"": ""Merhaba yeni kurulduktan sonra sebze bölümündeki ışık yanmıyor belli bir süresi varmı ışığın yanmasının yada ne kadar beklemek gerekiyor"", ""evet_sayisi"": ""1"", ""hayir_sayisi"": ""Hayır"", ""cevap"": ""Müşteri Temsilcisi: Merhaba, konu hakkında kayıtlı iletişim bilgilerinizden size dönüş sağlayacağız.""}, {""yildiz"": ""5"", ""baslik"": ""670475 MB No Frost Buzdolabı"", ""sahip_adi"": ""Altan K"", ""tarih"": ""06-11-2024"", ""metin"": ""Ürün 3 gün içinde evime kurulumu yapıldı. çok şık tasarımı var. iç hacmi de çok geniş. fiyatıda diğer marka ve modellere göre çok uygun kalıyor."", ""evet_sayisi"": ""3"", ""hayir_sayisi"": ""Hayır"", ""cevap"": ""Müşteri Temsilcisi: Merhaba, görüşleriniz bizim için çok değerli, bu güzel paylaşımınız için çok teşekkür ederiz.""}]"
https://www.beko.com.tr/no-frost-buzdolabi/670475-ea-buzdolabi,670475 EA No Frost Buzdolabı,Fiyat Bulunamadı,"{""75 cm"": ""Derinlik"", ""70 cm"": ""Genişlik"", ""187 cm"": ""Yükseklik"", ""Sıcaklık Yükselme Süresi (Saat)"": ""15"", ""Ürün Rengi"": ""Antrasit"", ""Dondurucu Yeri"": ""Dondurucu Altta"", ""Elektronik Gösterge"": ""Electronic display on door – Kapı üzerinde elektronik display (Tact)"", ""Kontrol Sistemi"": ""Elektronik"", ""Tatil Modu"": ""Var"", ""ProSmart™ Inverter Kompresör"": ""Var"", ""Aydınlatma Tipi"": ""Tavandan LED aydınlatma"", ""Kapı Yönü Değiştirme"": ""Var"", ""İklim Sınıfı"": ""SN-T"", ""Ses Seviyesi"": ""36 dBA"", ""Toplam Hacim (L)"": ""475 L"", ""Ses Seviyesi Sınıfı"": ""C"", ""Soğutma Sistemi"": ""No Frost"", ""Soğutucu Bölme Fanı"": ""Var"", ""EverFresh+ Teknolojisi"": ""Var"", ""HarvestFresh™"": ""Standard"", ""Soğutucu Bölme Hacmi (L)"": ""340 L"", ""Kahvaltılık Çekmecesi"": ""Var"", ""Dondurucu Çekmece Sayısı"": ""2"", ""Buzluk Tipi"": ""Kapaklı buzluk"", ""Günlük Dondurma Kapasitesi (kg/Gün)"": ""8.5 kg"", ""Dondurucu Bölme Hacmi (L)"": ""135 L"", ""Sebzelik Adedi"": ""1"", ""Enerji Sınıfı"": ""D"", ""Yıllık Enerji Tüketimi (kWh)"": ""227.76"", ""Günlük Enerji Tüketimi (kwh/Gün)"": ""0.624"", ""Günlük enerji tüketimi 16°C (kWh/24h) (EU_2021_EP)"": ""0.4"", ""Ağırlık: Paketsiz"": ""87.5 kg"", ""Boyut (cm) (GxYxD)"": ""70 cm"", ""Derinlik"": ""74.5 cm""}",D,38,,[],{},"[{""yildiz"": ""5"", ""baslik"": ""Süper Hizmet Şahane Servis"", ""sahip_adi"": ""HASAN S"", ""tarih"": ""26-05-2025"", ""metin"": ""Ürünü Avcılar Beko bayisinden aldım. Servis kurulumu 1 gün içerisinde yaptı. Üründen çok memnunum özellikle ürünleri taze tutmaya yarayan teknoloji oldukça kullanışlıl."", ""evet_sayisi"": ""Evet"", ""hayir_sayisi"": ""Hayır"", ""cevap"": ""Müşteri Temsilcisi: Merhaba, ürünümüzle ilgili deneyiminizi paylaştığınız için teşekkür ederiz. Memnuniyetiniz önceliğimiz.""}, {""yildiz"": ""5"", ""baslik"": ""Çok şık ve kullanışlı bir ürün herkeze tavsiye ederim:)"", ""sahip_adi"": ""Şenol D"", ""tarih"": ""20-10-2024"", ""metin"": ""Çok şık ve kullanışlı bir ürün herkeze tavsiye ederim:)"", ""evet_sayisi"": ""Evet"", ""hayir_sayisi"": ""Hayır"", ""cevap"": ""Müşteri Temsilcisi: Merhaba, paylaşımınız için teşekkür ederiz. İyi günlerde kullanmanızı dileriz.""}]"
https://www.beko.com.tr/statik-buzdolabi/854257-mb-buzdolabi,854257 MB Statik Buzdolabı,Fiyat Bulunamadı,"{""59 cm"": ""Derinlik"", ""54 cm"": ""Genişlik"", ""160 cm"": ""Yükseklik""}",E,24,,[],{},[]
https://www.beko.com.tr/no-frost-buzdolabi/974509-mb-buzdolabi,974509 MB No Frost Buzdolabı,Fiyat Bulunamadı,"{""76 cm"": ""Derinlik"", ""74 cm"": ""Genişlik"", ""186 cm"": ""Yükseklik"", ""Sıcaklık Yükselme Süresi (Saat)"": ""13"", ""Ürün Rengi"": ""Beyaz"", ""Dondurucu Yeri"": ""Dondurucu Üstte"", ""Ürün Tipi"": ""Çift Kapılı"", ""Elektronik Gösterge"": ""Electronic display Inside Body – Gövde içi display (Tact)"", ""Kontrol Sistemi"": ""Elektronik"", ""Eko Modu"": ""Var"", ""ProSmart™ Inverter Kompresör"": ""Var"", ""Aydınlatma Tipi"": ""Yan duvarlarda LED aydınlatma"", ""İklim Sınıfı"": ""SN-T"", ""Ses Seviyesi"": ""39 dBA"", ""Toplam Hacim (L)"": ""508 L"", ""Ses Seviyesi Sınıfı"": ""C"", ""Soğutma Sistemi"": ""No Frost"", ""Soğutucu Bölme Fanı"": ""Var"", ""HarvestFresh™"": ""Standard"", ""Soğutucu Bölme Hacmi (L)"": ""382 L"", ""Kahvaltılık Çekmecesi"": ""Var"", ""Buzluk Tipi"": ""Kapaklı buzluk"", ""Günlük Dondurma Kapasitesi (kg/Gün)"": ""6.5 kg"", ""Dondurucu Bölme Hacmi (L)"": ""126 L"", ""Sebzelik Adedi"": ""1"", ""Enerji Sınıfı"": ""E"", ""Yıllık Enerji Tüketimi (kWh)"": ""277.77"", ""Günlük Enerji Tüketimi (kwh/Gün)"": ""0.761"", ""Günlük enerji tüketimi 16°C (kWh/24h) (EU_2021_EP)"": ""0.449"", ""Ağırlık: Paketsiz"": ""94 kg"", ""Boyut (cm) (GxYxD)"": ""74 cm"", ""Derinlik"": ""75.5 cm""}",E,36,,[],{},[]
https://www.beko.com.tr/no-frost-buzdolabi/970477-mb-buzdolabi,970477 MB No Frost Buzdolabı,Fiyat Bulunamadı,"{""75 cm"": ""Derinlik"", ""70 cm"": ""Genişlik"", ""187 cm"": ""Yükseklik"", ""Sıcaklık Yükselme Süresi (Saat)"": ""15"", ""Ürün Rengi"": ""Beyaz"", ""Dondurucu Yeri"": ""Dondurucu Üstte"", ""Ürün Tipi"": ""Çift Kapılı"", ""Kontrol Sistemi"": ""Elektronik"", ""Tatil Modu"": ""Var"", ""Aydınlatma Tipi"": ""Tavandan parlak LED"", ""Kapı Yönü Değiştirme"": ""Var"", ""İklim Sınıfı"": ""SN-T"", ""Ses Seviyesi"": ""38 dBA"", ""Toplam Hacim (L)"": ""477 L"", ""Ses Seviyesi Sınıfı"": ""C"", ""Soğutma Sistemi"": ""No Frost"", ""Soğutucu Bölme Fanı"": ""Var"", ""Soğutucu Bölme Hacmi (L)"": ""354 L"", ""Kahvaltılık Çekmecesi"": ""Var"", ""Buzluk Tipi"": ""Kapaklı buzluk"", ""Günlük Dondurma Kapasitesi (kg/Gün)"": ""5.6 kg"", ""Dondurucu Bölme Hacmi (L)"": ""123 L"", ""Sebzelik Adedi"": ""1"", ""Enerji Sınıfı"": ""E"", ""Yıllık Enerji Tüketimi (kWh)"": ""274.2"", ""Günlük Enerji Tüketimi (kwh/Gün)"": ""0.74"", ""Günlük enerji tüketimi 16°C (kWh/24h) (EU_2021_EP)"": ""0.438"", ""Ağırlık: Paketsiz"": ""81 kg"", ""Boyut (cm) (GxYxD)"": ""70 cm"", ""Derinlik"": ""74.6 cm""}",E,69,,[],{},[]
https://www.beko.com.tr/no-frost-buzdolabi/978557-eb-fit-buzdolabi,978557 EB ElegantFit No Frost Buzdolabı,Fiyat Bulunamadı,"{""75 cm"": ""Derinlik"", ""78 cm"": ""Genişlik"", ""188 cm"": ""Yükseklik"", ""Sıcaklık Yükselme Süresi (Saat)"": ""20"", ""Ürün Rengi"": ""Beyaz"", ""Dondurucu Yeri"": ""Dondurucu Üstte"", ""Elektronik Gösterge"": ""Electronic display on door – Kapı üzerinde elektronik display (Tact)"", ""Kontrol Sistemi"": ""Elektronik"", ""Tatil Modu"": ""Var"", ""ProSmart™ Inverter Kompresör"": ""Var"", ""Aydınlatma Tipi"": ""Tavandan LED aydınlatma"", ""Kapı Yönü Değiştirme"": ""Var"", ""Kapı Kilidi"": ""Mevcut Değil"", ""İklim Sınıfı"": ""SN-T"", ""Ses Seviyesi"": ""37 dBA"", ""Toplam Hacim (L)"": ""557 L"", ""Ses Seviyesi Sınıfı"": ""C"", ""Soğutma/Dondurma Modu"": ""Taze gıda / Dondurucu (Dört yıldızlı)"", ""Soğutma Sistemi"": ""No Frost"", ""Soğutucu Bölme Fanı"": ""Var"", ""HarvestFresh™"": ""Standard"", ""Soğutucu Bölme Hacmi (L)"": ""405 L"", ""Kahvaltılık Çekmecesi"": ""Var"", ""Buzluk Tipi"": ""Modüler twist buzluk"", ""Günlük Dondurma Kapasitesi (kg)"": ""8 kg"", ""Dondurucu Bölme Aydınlatma Tipi"": ""LED"", ""Dondurucu Bölme Hacmi (L)"": ""152 L"", ""Sebzelik Adedi"": ""1"", ""Enerji Sınıfı"": ""E"", ""Yıllık Enerji Tüketimi (kWh)"": ""303"", ""Günlük Enerji Tüketimi (kwh/Gün)"": ""0.83"", ""Günlük enerji tüketimi 16°C (kWh/24h) (EU_2021_EP)"": ""0.46"", ""Ağırlık: Paketsiz"": ""105 kg"", ""Boyut (cm) (GxYxD)"": ""78 cm"", ""Derinlik"": ""75 cm""}",E,54,,[],{},[]
https://www.beko.com.tr/no-frost-buzdolabi/978557-ei-fit-buzdolabi,978557 EI ElegantFit No Frost Buzdolabı,Fiyat Bulunamadı,"{""75 cm"": ""Derinlik"", ""78 cm"": ""Genişlik"", ""188 cm"": ""Yükseklik"", ""Sıcaklık Yükselme Süresi (Saat)"": ""20"", ""Ürün Rengi"": ""Leke Tutmayan İnoks"", ""Dondurucu Yeri"": ""Dondurucu Üstte"", ""Elektronik Gösterge"": ""Electronic display on door – Kapı üzerinde elektronik display (Tact)"", ""Kontrol Sistemi"": ""Elektronik"", ""Tatil Modu"": ""Var"", ""ProSmart™ Inverter Kompresör"": ""Var"", ""Aydınlatma Tipi"": ""Tavandan LED aydınlatma"", ""Kapı Yönü Değiştirme"": ""Var"", ""Kapı Kilidi"": ""Mevcut Değil"", ""İklim Sınıfı"": ""SN-T"", ""Ses Seviyesi"": ""37 dBA"", ""Toplam Hacim (L)"": ""557 L"", ""Ses Seviyesi Sınıfı"": ""C"", ""Soğutma/Dondurma Modu"": ""Taze gıda / Dondurucu (Dört yıldızlı)"", ""Soğutma Sistemi"": ""No Frost"", ""Soğutucu Bölme Fanı"": ""Var"", ""HarvestFresh™"": ""Standard"", ""Soğutucu Bölme Hacmi (L)"": ""405 L"", ""Kahvaltılık Çekmecesi"": ""Var"", ""Buzluk Tipi"": ""Modüler twist buzluk"", ""Günlük Dondurma Kapasitesi (kg)"": ""8 kg"", ""Dondurucu Bölme Aydınlatma Tipi"": ""LED"", ""Dondurucu Bölme Hacmi (L)"": ""152 L"", ""Sebzelik Adedi"": ""1"", ""Enerji Sınıfı"": ""E"", ""Yıllık Enerji Tüketimi (kWh)"": ""303"", ""Günlük Enerji Tüketimi (kwh/Gün)"": ""0.83"", ""Günlük enerji tüketimi 16°C (kWh/24h) (EU_2021_EP)"": ""0.46"", ""Ağırlık: Paketsiz"": ""105 kg"", ""Boyut (cm) (GxYxD)"": ""78 cm"", ""Derinlik"": ""75 cm""}",E,19,,[],{},"[{""yildiz"": ""5"", ""baslik"": """", ""sahip_adi"": ""Sırma s"", ""tarih"": ""16-01-2026"", ""metin"": ""Nakliye montaj 10 numara ürün 10 numara. Teşekkürler Beko"", ""evet_sayisi"": ""Evet"", ""hayir_sayisi"": ""Hayır"", ""cevap"": ""Müşteri Temsilcisi: Merhaba, ürünlerimizi tercih ettiğiniz için teşekkür ederiz, iyi günlerde kullanmanızı dileriz.""}]"
https://www.beko.com.tr/gardirop-tipi-buzdolabi/191572-ebs-buzdolabi,191572 EBS Gardırop Tipi Buzdolabı,Fiyat Bulunamadı,"{""71 cm"": ""Derinlik"", ""91 cm"": ""Genişlik"", ""182 cm"": ""Yükseklik"", ""Sıcaklık Yükselme Süresi (Saat)"": ""10"", ""Ürün Rengi"": ""Beyaz"", ""Dondurucu Yeri"": ""Dondurucu Altta"", ""Elektronik Gösterge"": ""Electronic display on door – Kapı üzerinde elektronik display (Touch)"", ""Kontrol Sistemi"": ""Elektronik"", ""Tatil Modu"": ""Var"", ""Eko Modu"": ""Var"", ""ProSmart™ Inverter Kompresör"": ""Var"", ""Aydınlatma Tipi"": ""Yan duvarlarda LED aydınlatma"", ""Hareketli Kapı Rafı"": ""Var"", ""Kapı Kilidi"": ""Mevcut Değil"", ""İklim Sınıfı"": ""SN-T"", ""Ses Seviyesi"": ""37 dBA"", ""Toplam Hacim (L)"": ""565 L"", ""Ses Seviyesi Sınıfı"": ""C"", ""Soğutma Sistemi"": ""No Frost"", ""Hızlı Soğutma"": ""Var"", ""Soğutucu Bölme Fanı"": ""Var"", ""EverFresh+ Teknolojisi"": ""Var"", ""HarvestFresh™"": ""Standard"", ""Soğutucu Bölme Hacmi (L)"": ""369 L"", ""Kahvaltılık Çekmecesi"": ""Var"", ""Dondurucu Çekmece Sayısı"": ""4"", ""Dondurucu Bölme Aydınlatma Tipi"": ""LED"", ""Günlük Dondurma Kapasitesi (kg/Gün)"": ""4.6 kg"", ""Dondurucu Bölme Hacmi (L)"": ""196 L"", ""Sebzelik Adedi"": ""2"", ""Enerji Sınıfı"": ""E"", ""Yıllık Enerji Tüketimi (kWh)"": ""336"", ""Günlük Enerji Tüketimi (kwh/Gün)"": ""0.863"", ""Günlük enerji tüketimi 16°C (kWh/24h) (EU_2021_EP)"": ""0.506"", ""Ağırlık: Paketsiz"": ""130 kg"", ""Boyut (cm) (GxYxD)"": ""90.8 cm"", ""Derinlik"": ""70.5 cm""}",E,11,,[],{},[]
https://www.beko.com.tr/no-frost-buzdolabi/974509-mi-buzdolabi,974509 MI No Frost Buzdolabı,Fiyat Bulunamadı,"{""76 cm"": ""Derinlik"", ""74 cm"": ""Genişlik"", ""186 cm"": ""Yükseklik"", ""Sıcaklık Yükselme Süresi (Saat)"": ""13"", ""Ürün Rengi"": ""Leke Tutmayan İnoks"", ""Dondurucu Yeri"": ""Dondurucu Üstte"", ""Ürün Tipi"": ""Çift Kapılı"", ""Elektronik Gösterge"": ""Electronic display Inside Body – Gövde içi display (Tact)"", ""Kontrol Sistemi"": ""Elektronik"", ""Eko Modu"": ""Var"", ""ProSmart™ Inverter Kompresör"": ""Var"", ""Aydınlatma Tipi"": ""Yan duvarlarda LED aydınlatma"", ""İklim Sınıfı"": ""SN-T"", ""Ses Seviyesi"": ""39 dBA"", ""Toplam Hacim (L)"": ""508 L"", ""Ses Seviyesi Sınıfı"": ""C"", ""Soğutma Sistemi"": ""No Frost"", ""Soğutucu Bölme Fanı"": ""Var"", ""HarvestFresh™"": ""Standard"", ""Soğutucu Bölme Hacmi (L)"": ""382 L"", ""Kahvaltılık Çekmecesi"": ""Var"", ""Buzluk Tipi"": ""Kapaklı buzluk"", ""Günlük Dondurma Kapasitesi (kg/Gün)"": ""6.5 kg"", ""Dondurucu Bölme Hacmi (L)"": ""126 L"", ""Sebzelik Adedi"": ""1"", ""Enerji Sınıfı"": ""E"", ""Yıllık Enerji Tüketimi (kWh)"": ""277.77"", ""Günlük Enerji Tüketimi (kwh/Gün)"": ""0.761"", ""Günlük enerji tüketimi 16°C (kWh/24h) (EU_2021_EP)"": ""0.449"", ""Ağırlık: Paketsiz"": ""94 kg"", ""Boyut (cm) (GxYxD)"": ""74 cm"", ""Derinlik"": ""75.5 cm""}",E,4,,[],{},[]
https://www.beko.com.tr/no-frost-buzdolabi/983625-ieb-fit-buzdolabi,983625 IEB Fit No Frost Buzdolabı,Fiyat Bulunamadı,"{""76 cm"": ""Derinlik"", ""83 cm"": ""Genişlik"", ""188 cm"": ""Yükseklik"", ""Sıcaklık Yükselme Süresi (Saat)"": ""20"", ""Ürün Rengi"": ""Beyaz"", ""Dondurucu Yeri"": ""Dondurucu Üstte"", ""Ürün Tipi"": ""Çift Kapılı"", ""Elektronik Gösterge"": ""Electronic display Inside Body – Gövde içi display (Tact)"", ""Kontrol Sistemi"": ""Elektronik"", ""Tatil Modu"": ""Var"", ""Aydınlatma Tipi"": ""Tavandan LED aydınlatma"", ""Kapı Yönü Değiştirme"": ""Var"", ""İklim Sınıfı"": ""SN-T"", ""Ses Seviyesi"": ""37 dBA"", ""Toplam Hacim (L)"": ""630 L"", ""Ses Seviyesi Sınıfı"": ""C"", ""Soğutma Sistemi"": ""No Frost"", ""Soğutucu Bölme Fanı"": ""Var"", ""HarvestFresh™"": ""Standard"", ""Soğutucu Bölme Hacmi (L)"": ""465 L"", ""Kahvaltılık Çekmecesi"": ""Var"", ""Buzluk Tipi"": ""Modüler twist buzluk"", ""Dondurucu Bölme Aydınlatma Tipi"": ""LED"", ""Günlük Dondurma Kapasitesi (kg/Gün)"": ""8 kg"", ""Dondurucu Bölme Hacmi (L)"": ""165 L"", ""Sebzelik Adedi"": ""1"", ""Enerji Sınıfı"": ""E"", ""Yıllık Enerji Tüketimi (kWh)"": ""316.82"", ""Günlük Enerji Tüketimi (kwh/Gün)"": ""0.868"", ""Günlük enerji tüketimi 16°C (kWh/24h) (EU_2021_EP)"": ""0.579"", ""Ağırlık: Paketsiz"": ""110 kg"", ""Boyut (cm) (GxYxD)"": ""83.2 cm"", ""Derinlik"": ""76.2 cm""}",E,4,,[],{},[]
https://www.beko.com.tr/ustten-donduruculu-buzdolabi/983632-eb-fit-buzdolabi,983632 EB Fit Üstten Donduruculu Buzdolabı,Fiyat Bulunamadı,"{""76 cm"": ""Derinlik"", ""83 cm"": ""Genişlik"", ""188 cm"": ""Yükseklik""}",E,3,,[],{},[]
https://www.beko.com.tr/gardirop-tipi-buzdolabi/191572-ei-buzdolabi,191572 EI Gardırop Tipi Buzdolabı,Fiyat Bulunamadı,"{""71 cm"": ""Derinlik"", ""91 cm"": ""Genişlik"", ""182 cm"": ""Yükseklik"", ""Sıcaklık Yükselme Süresi (Saat)"": ""10"", ""Ürün Rengi"": ""Leke Tutmayan İnoks"", ""Dondurucu Yeri"": ""Dondurucu Altta"", ""Elektronik Gösterge"": ""Electronic display on door – Kapı üzerinde elektronik display (Touch)"", ""Kontrol Sistemi"": ""Elektronik"", ""Tatil Modu"": ""Var"", ""Eko Modu"": ""Var"", ""ProSmart™ Inverter Kompresör"": ""Var"", ""Aydınlatma Tipi"": ""Yan duvarlarda LED aydınlatma"", ""Hareketli Kapı Rafı"": ""Var"", ""İklim Sınıfı"": ""SN-T"", ""Ses Seviyesi"": ""37 dBA"", ""Toplam Hacim (L)"": ""572 L"", ""Ses Seviyesi Sınıfı"": ""C"", ""Soğutma Sistemi"": ""No Frost"", ""Hızlı Soğutma"": ""Var"", ""Soğutucu Bölme Fanı"": ""Var"", ""HarvestFresh™"": ""Standard"", ""Soğutucu Bölme Hacmi (L)"": ""376 L"", ""Kahvaltılık Çekmecesi"": ""Var"", ""Toplam Dondurucu Bölme Sayısı"": ""3"", ""Dondurucu Çekmece Sayısı"": ""4"", ""Buzluk Tipi"": ""Standart buzluk"", ""Dondurucu Bölme Aydınlatma Tipi"": ""LED"", ""Günlük Dondurma Kapasitesi (kg/Gün)"": ""4.6 kg"", ""Dondurucu Bölme Hacmi (L)"": ""196 L"", ""Sebzelik Adedi"": ""2"", ""Enerji Sınıfı"": ""E"", ""Yıllık Enerji Tüketimi (kWh)"": ""337.64"", ""Günlük Enerji Tüketimi (kwh/Gün)"": ""0.862"", ""Günlük enerji tüketimi 16°C (kWh/24h) (EU_2021_EP)"": ""0.51"", ""Ağırlık: Paketsiz"": ""127 kg"", ""Boyut (cm) (GxYxD)"": ""90.8 cm"", ""Derinlik"": ""70.5 cm""}",E,18,,[],{},[]
https://www.beko.com.tr/cekmeceli-derin-dondurucu/7682-nfb-derin-dondurucu,7682 NFB Çekmeceli Derin Dondurucu,Fiyat Bulunamadı,"{""Toplam Dondurucu Bölme Sayısı"": ""8"", ""Soğutma Sistemi"": ""No Frost"", ""71 cm"": ""Derinlik"", ""60 cm"": ""Genişlik"", ""187 cm"": ""Yükseklik"", ""Sıcaklık Yükselme Süresi (Saat)"": ""9"", ""Ürün Rengi"": ""Beyaz"", ""Dondurucu Yeri"": ""Dikey Dondurucu"", ""Ürün Tipi"": ""Tek Kapılı"", ""Kontrol Sistemi"": ""Mekanik Sensörlü"", ""ProSmart™ Inverter Kompresör"": ""Var"", ""Kapı Yönü Değiştirme"": ""Var"", ""İklim Sınıfı"": ""SN-T"", ""Ses Seviyesi"": ""38 dBA"", ""Toplam Hacim (L)"": ""286 L"", ""Ses Seviyesi Sınıfı"": ""C"", ""Dondurucu Çekmece Sayısı"": ""5"", ""Buzluk Tipi"": ""Kapaklı buzluk"", ""Günlük Dondurma Kapasitesi (kg/Gün)"": ""14.9 kg"", ""Dondurucu Bölme Hacmi (L)"": ""286 L"", ""Enerji Sınıfı"": ""E"", ""Yıllık Enerji Tüketimi (kWh)"": ""250.23"", ""Günlük Enerji Tüketimi (kwh/Gün)"": ""0.617"", ""Günlük enerji tüketimi 16°C (kWh/24h) (EU_2021_EP)"": ""0.403"", ""Ağırlık: Paketsiz"": ""71 kg"", ""Boyut (cm) (GxYxD)"": ""59.7 cm"", ""Derinlik"": ""70.9 cm""}",E,1,,[],"{""Toplam Dondurucu Bölme Sayısı"": ""8"", ""Soğutma Sistemi"": ""No Frost""}",[]
https://www.beko.com.tr/no-frost-buzdolabi/683613-eb-buzdolabi,683613 EB No Frost Buzdolabı,Fiyat Bulunamadı,"{""76 cm"": ""Derinlik"", ""83 cm"": ""Genişlik"", ""193 cm"": ""Yükseklik"", ""Sıcaklık Yükselme Süresi (Saat)"": ""14"", ""Ürün Rengi"": ""Beyaz"", ""Dondurucu Yeri"": ""Dondurucu Altta"", ""Elektronik Gösterge"": ""Electronic display on door – Kapı üzerinde elektronik display (Touch)"", ""Kontrol Sistemi"": ""Elektronik"", ""Tatil Modu"": ""Var"", ""ProSmart™ Inverter Kompresör"": ""Var"", ""Aydınlatma Tipi"": ""Tavandan LED aydınlatma"", ""Kapı Yönü Değiştirme"": ""Var"", ""İklim Sınıfı"": ""SN-T"", ""Ses Seviyesi"": ""35 dBA"", ""Toplam Hacim (L)"": ""615 L"", ""Ses Seviyesi Sınıfı"": ""B"", ""Soğutma Sistemi"": ""No Frost"", ""Soğutucu Bölme Fanı"": ""Var"", ""HarvestFresh™"": ""Standard"", ""Soğutucu Bölme Hacmi (L)"": ""430 L"", ""Kahvaltılık Çekmecesi"": ""Var"", ""Dondurucu Çekmece Sayısı"": ""3"", ""Buzluk Tipi"": ""Kapaklı ve Buz Haneli Buzluk (1 Adet)"", ""Dondurucu Bölme Aydınlatma Tipi"": ""Aydınlatmalı Özel Kapı Tasarımı"", ""Günlük Dondurma Kapasitesi (kg/Gün)"": ""10 kg"", ""Dondurucu Bölme Hacmi (L)"": ""185 L"", ""Sebzelik Adedi"": ""1"", ""Enerji Sınıfı"": ""D"", ""Yıllık Enerji Tüketimi (kWh)"": ""266.82"", ""Günlük Enerji Tüketimi (kwh/Gün)"": ""0.731"", ""Günlük enerji tüketimi 16°C (kWh/24h) (EU_2021_EP)"": ""0.463"", ""Ağırlık: Paketsiz"": ""115 kg"", ""Boyut (cm) (GxYxD)"": ""83.2 cm"", ""Derinlik"": ""76.2 cm""}",D,74,,[],{},"[{""yildiz"": ""5"", ""baslik"": """", ""sahip_adi"": ""hamza e"", ""tarih"": ""22-07-2025"", ""metin"": ""Kayseri Forum Beko mağazasından aldım. Mustafa Kemal Bey’e alış veriş süresince göstermiş olduğu ilgi ve alaka için teşekkür ediyorum."", ""evet_sayisi"": ""Evet"", ""hayir_sayisi"": ""Hayır"", ""cevap"": ""Müşteri Temsilcisi: Merhaba, sizin memnuniyetiniz en öncelikli hedefimiz. Güzel yorumunuz için teşekkür ederiz.""}, {""yildiz"": ""5"", ""baslik"": ""Mükemmel"", ""sahip_adi"": ""Fuat K"", ""tarih"": ""18-07-2025"", ""metin"": ""Ürün harika. Beklentimizi fazlasıyla karşıladı. Toplam 615 L. XXL. Kahramanmaraş beko çalkaya bayisinden aldım. Ahmet bey ferhat ve süleyman bey'e teşekkürlerimi iletiyorum. Güler yüz ilgi ve alakaları harikaydı. Beko gibi dünya markasını her daim ilk tercihim olmuştur. Fotoları yüklüyemedim dosya içerigi fazla çıkıyor."", ""evet_sayisi"": ""Evet"", ""hayir_sayisi"": ""Hayır"", ""cevap"": ""Müşteri Temsilcisi: Merhaba, bunları sizden duymak çok güzel. İyi günlerde kullanmanızı dileriz.""}, {""yildiz"": ""5"", ""baslik"": ""Mükemmel"", ""sahip_adi"": ""Fuat K"", ""tarih"": ""18-07-2025"", ""metin"": ""Harika bir ürün. Kahramanmaraş çalkaya bayisinden aldım. Ahmet bey ferhat ve süleyman beyede ilgilerinden ve alakalarından dolayı sonsuz teşekkürlerimi sunuyorum."", ""evet_sayisi"": ""Evet"", ""hayir_sayisi"": ""Hayır"", ""cevap"": ""Müşteri Temsilcisi: Merhaba, bunları sizden duymak çok güzel. İyi günlerde kullanmanızı dileriz.""}]"
https://www.beko.com.tr/no-frost-buzdolabi/683613-ei-buzdolabi,683613 EI No Frost Buzdolabı,Fiyat Bulunamadı,"{""76 cm"": ""Derinlik"", ""83 cm"": ""Genişlik"", ""193 cm"": ""Yükseklik"", ""Sıcaklık Yükselme Süresi (Saat)"": ""14"", ""Ürün Rengi"": ""Leke Tutmayan İnoks"", ""Dondurucu Yeri"": ""Dondurucu Altta"", ""Elektronik Gösterge"": ""Electronic display on door – Kapı üzerinde elektronik display (Touch)"", ""Kontrol Sistemi"": ""Elektronik"", ""Tatil Modu"": ""Var"", ""ProSmart™ Inverter Kompresör"": ""Var"", ""Aydınlatma Tipi"": ""Tavandan LED aydınlatma"", ""Kapı Yönü Değiştirme"": ""Var"", ""İklim Sınıfı"": ""SN-T"", ""Ses Seviyesi"": ""35 dBA"", ""Toplam Hacim (L)"": ""615 L"", ""Ses Seviyesi Sınıfı"": ""B"", ""Soğutma Sistemi"": ""No Frost"", ""Soğutucu Bölme Fanı"": ""Var"", ""HarvestFresh™"": ""Standard"", ""Soğutucu Bölme Hacmi (L)"": ""430 L"", ""Kahvaltılık Çekmecesi"": ""Var"", ""Dondurucu Çekmece Sayısı"": ""3"", ""Buzluk Tipi"": ""Kapaklı ve Buz Haneli Buzluk (1 Adet)"", ""Dondurucu Bölme Aydınlatma Tipi"": ""Aydınlatmalı Özel Kapı Tasarımı"", ""Günlük Dondurma Kapasitesi (kg/Gün)"": ""10 kg"", ""Dondurucu Bölme Hacmi (L)"": ""185 L"", ""Sebzelik Adedi"": ""1"", ""Enerji Sınıfı"": ""D"", ""Yıllık Enerji Tüketimi (kWh)"": ""266.82"", ""Günlük Enerji Tüketimi (kwh/Gün)"": ""0.731"", ""Günlük enerji tüketimi 16°C (kWh/24h) (EU_2021_EP)"": ""0.463"", ""Ağırlık: Paketsiz"": ""115 kg"", ""Boyut (cm) (GxYxD)"": ""83.2 cm"", ""Derinlik"": ""76.2 cm""}",D,49,,[],{},[]
https://www.beko.com.tr/gardirop-tipi-buzdolabi/191572-es-buzdolabi,191572 ES Gardırop Tipi Buzdolabı,Fiyat Bulunamadı,"{""71 cm"": ""Derinlik"", ""91 cm"": ""Genişlik"", ""182 cm"": ""Yükseklik"", ""Sıcaklık Yükselme Süresi (Saat)"": ""10"", ""Ürün Rengi"": ""Black Inox"", ""Dondurucu Yeri"": ""Dondurucu Altta"", ""Elektronik Gösterge"": ""Electronic display on door – Kapı üzerinde elektronik display (Touch)"", ""Kontrol Sistemi"": ""Elektronik"", ""Tatil Modu"": ""Var"", ""Eko Modu"": ""Var"", ""ProSmart™ Inverter Kompresör"": ""Var"", ""Aydınlatma Tipi"": ""Yan duvarlarda LED aydınlatma"", ""Hareketli Kapı Rafı"": ""Var"", ""Kapı Kilidi"": ""Mevcut Değil"", ""İklim Sınıfı"": ""SN-T"", ""Ses Seviyesi"": ""37 dBA"", ""Toplam Hacim (L)"": ""572 L"", ""Ses Seviyesi Sınıfı"": ""C"", ""Soğutma Sistemi"": ""No Frost"", ""Hızlı Soğutma"": ""Var"", ""Soğutucu Bölme Fanı"": ""Var"", ""EverFresh+ Teknolojisi"": ""Var"", ""HarvestFresh™"": ""Standard"", ""Soğutucu Bölme Hacmi (L)"": ""376 L"", ""Kahvaltılık Çekmecesi"": ""Var"", ""Dondurucu Çekmece Sayısı"": ""3"", ""Buzluk Tipi"": ""Modüler twist buzluk"", ""Dondurucu Bölme Aydınlatma Tipi"": ""LED"", ""Günlük Dondurma Kapasitesi (kg/Gün)"": ""4.6 kg"", ""Dondurucu Bölme Hacmi (L)"": ""196 L"", ""Sebzelik Adedi"": ""2"", ""Enerji Sınıfı"": ""E"", ""Yıllık Enerji Tüketimi (kWh)"": ""337.8"", ""Günlük Enerji Tüketimi (kwh/Gün)"": ""0.862"", ""Günlük enerji tüketimi 16°C (kWh/24h) (EU_2021_EP)"": ""0.51"", ""Ağırlık: Paketsiz"": ""127 kg"", ""Boyut (cm) (GxYxD)"": ""90.8 cm"", ""Derinlik"": ""70.5 cm""}",E,11,,[],{},[]
https://www.beko.com.tr/no-frost-buzdolabi/683616-iebi-buzdolabi,683616 IEBI No Frost Buzdolabı,Fiyat Bulunamadı,"{""Dondurucu Bölme Teknolojisi"": ""Sabit Set Değerli"", ""76 cm"": ""Derinlik"", ""83 cm"": ""Genişlik"", ""193 cm"": ""Yükseklik"", ""Sıcaklık Yükselme Süresi (Saat)"": ""14"", ""Ürün Rengi"": ""Black Inox"", ""Dondurucu Yeri"": ""Dondurucu Altta"", ""Ürün Tipi"": ""Çift Kapılı"", ""Elektronik Gösterge"": ""Elektronik İç Ekran"", ""Kontrol Sistemi"": ""Elektronik"", ""Tatil Modu"": ""Var"", ""ProSmart™ Inverter Kompresör"": ""Var"", ""Aydınlatma Tipi"": ""Tavandan LED aydınlatma"", ""Kapı Yönü Değiştirme"": ""Var"", ""İklim Sınıfı"": ""SN-T"", ""Ses Seviyesi"": ""34 dBA"", ""Toplam Hacim (L)"": ""615 L"", ""Ses Seviyesi Sınıfı"": ""B"", ""Soğutma/Dondurma Modu"": ""Taze gıda / Dondurucu (Dört yıldızlı)"", ""Soğutma Sistemi"": ""No Frost"", ""Soğutucu Bölme Fanı"": ""Var"", ""EverFresh+ Teknolojisi"": ""Var"", ""HarvestFresh™"": ""Standard"", ""Soğutucu Bölme Hacmi (L)"": ""430 L"", ""Kahvaltılık Çekmecesi"": ""Var"", ""Dondurucu Çekmece Sayısı"": ""3"", ""Buzluk Tipi"": ""Kapaklı ve Buz Haneli Buzluk (1 Adet)"", ""Günlük Dondurma Kapasitesi (kg)"": ""10 kg"", ""Dondurucu Bölme Aydınlatma Tipi"": ""Aydınlatmalı Özel Kapı Tasarımı"", ""Dondurucu Bölme Hacmi (L)"": ""185 L"", ""Sebzelik Adedi"": ""1"", ""Enerji Sınıfı"": ""B"", ""Yıllık Enerji Tüketimi (kWh)"": ""170.01"", ""Günlük Enerji Tüketimi (kwh/Gün)"": ""0.466"", ""Günlük enerji tüketimi 16°C (kWh/24h) (EU_2021_EP)"": ""0.264"", ""Ağırlık: Paketsiz"": ""115 kg"", ""Boyut (cm) (GxYxD)"": ""83.2 cm"", ""Derinlik"": ""76.2 cm""}",B,6,,[],"{""Dondurucu Bölme Teknolojisi"": ""Sabit Set Değerli""}",[]
https://www.beko.com.tr/no-frost-buzdolabi/970475-eb-buzdolabi,970475 EB No Frost Buzdolabı,Fiyat Bulunamadı,"{""75 cm"": ""Derinlik"", ""70 cm"": ""Genişlik"", ""187 cm"": ""Yükseklik"", ""Sıcaklık Yükselme Süresi (Saat)"": ""15"", ""Ürün Rengi"": ""Beyaz"", ""Dondurucu Yeri"": ""Dondurucu Üstte"", ""Ürün Tipi"": ""Çift Kapılı"", ""Elektronik Gösterge"": ""Electronic display on door – Kapı üzerinde elektronik display (Touch)"", ""Kontrol Sistemi"": ""Elektronik"", ""Tatil Modu"": ""Var"", ""Aydınlatma Tipi"": ""Tavandan parlak LED"", ""Kapı Yönü Değiştirme"": ""Var"", ""İklim Sınıfı"": ""SN-T"", ""Ses Seviyesi"": ""38 dBA"", ""Toplam Hacim (L)"": ""477 L"", ""Ses Seviyesi Sınıfı"": ""C"", ""Soğutma Sistemi"": ""No Frost"", ""Soğutucu Bölme Fanı"": ""Var"", ""EverFresh+ Teknolojisi"": ""Var"", ""HarvestFresh™"": ""Standard"", ""Soğutucu Bölme Hacmi (L)"": ""354 L"", ""Kahvaltılık Çekmecesi"": ""Var"", ""Buzluk Tipi"": ""Kapaklı ve Buz Haneli Buzluk (1 Adet)"", ""Dondurucu Bölme Aydınlatma Tipi"": ""LED"", ""Günlük Dondurma Kapasitesi (kg/Gün)"": ""7 kg"", ""Dondurucu Bölme Hacmi (L)"": ""123 L"", ""Sebzelik Adedi"": ""1"", ""Enerji Sınıfı"": ""E"", ""Yıllık Enerji Tüketimi (kWh)"": ""274.2"", ""Günlük Enerji Tüketimi (kwh/Gün)"": ""0.74"", ""Günlük enerji tüketimi 16°C (kWh/24h) (EU_2021_EP)"": ""0.438"", ""Ağırlık: Paketsiz"": ""83.9 kg"", ""Boyut (cm) (GxYxD)"": ""70 cm"", ""Derinlik"": ""74.6 cm""}",E,144,,[],{},"[{""yildiz"": ""5"", ""baslik"": ""Kesinlikle tavsiye ediyorum"", ""sahip_adi"": ""Hüseyin S"", ""tarih"": ""23-12-2024"", ""metin"": ""Tam bir fiyat performans ürünü. Ayrıca özellikleri muhteşem. Gözünüz kapalı alabilirsiniz."", ""evet_sayisi"": ""1"", ""hayir_sayisi"": ""Hayır"", ""cevap"": ""Müşteri Temsilcisi: Merhaba, değerli görüşlerinizi bizimle paylaştığınız için teşekkür ederiz. Ürününüzü iyi günlerde kullanmanızı dileriz""}, {""yildiz"": ""5"", ""baslik"": """", ""sahip_adi"": ""Rıza G"", ""tarih"": ""06-04-2023"", ""metin"": ""Tüm beyaz eşyaları, televizyon ve küçük ev aletlerini beko'dan almış birisi olarak yorum yapıyorum. Beklentinizi karşılayacak ürünler. Servis ekibi ve müşteri hizmetleri çok iyi çalışıyor. Hacim : 4/5 Soğutma : 5/5 Dondurma : 5/5 Kalite : 5/5 Sessizlik : 5/5 Tazeliği Koruma : 5/5"", ""evet_sayisi"": ""3"", ""hayir_sayisi"": ""Hayır"", ""cevap"": ""Müşteri Temsilcisi: Merhaba ,memnuniyetinizi paylaştığınız için çok teşekkür ederiz, size hayatınızı kolaylaştıran kaliteli ürünler sunmaya devam edeceğiz.""}]"
https://www.beko.com.tr/no-frost-buzdolabi/670477-eb-ai-buzdolabi,670477 EB AI Yapay Zeka Teknolojili No Frost Buzdolabı,Fiyat Bulunamadı,"{""75 cm"": ""Derinlik"", ""70 cm"": ""Genişlik"", ""187 cm"": ""Yükseklik"", ""Sıcaklık Yükselme Süresi (Saat)"": ""15"", ""Ürün Rengi"": ""Beyaz"", ""Dondurucu Yeri"": ""Dondurucu Altta"", ""Ürün Tipi"": ""Çift Kapılı"", ""Elektronik Gösterge"": ""Electronic display on door – Kapı üzerinde elektronik display (Touch)"", ""Kontrol Sistemi"": ""Elektronik"", ""Tatil Modu"": ""Var"", ""Aydınlatma Tipi"": ""Tavandan LED aydınlatma"", ""Kapı Yönü Değiştirme"": ""Var"", ""İklim Sınıfı"": ""SN-T"", ""Ses Seviyesi"": ""36 dBA"", ""Toplam Hacim (L)"": ""475 L"", ""Ses Seviyesi Sınıfı"": ""C"", ""Soğutma Sistemi"": ""No Frost"", ""Soğutucu Bölme Fanı"": ""Var"", ""HarvestFresh™"": ""Standard"", ""Soğutucu Bölme Hacmi (L)"": ""340 L"", ""Kahvaltılık Çekmecesi"": ""Var"", ""Dondurucu Çekmece Sayısı"": ""2"", ""Buzluk Tipi"": ""Kapaklı ve Buz Haneli Buzluk (1 Adet)"", ""Günlük Dondurma Kapasitesi (kg/Gün)"": ""8.5 kg"", ""Dondurucu Bölme Hacmi (L)"": ""135 L"", ""Sebzelik Adedi"": ""1"", ""Enerji Sınıfı"": ""E"", ""Yıllık Enerji Tüketimi (kWh)"": ""284.7"", ""Günlük Enerji Tüketimi (kwh/Gün)"": ""0.78"", ""Günlük enerji tüketimi 16°C (kWh/24h) (EU_2021_EP)"": ""0.48"", ""Ağırlık: Paketsiz"": ""87.5 kg"", ""Boyut (cm) (GxYxD)"": ""70 cm"", ""Derinlik"": ""74.5 cm""}",E,24,,[],{},[]
https://www.beko.com.tr/no-frost-buzdolabi/970477-mi-buzdolabi,970477 MI No Frost Buzdolabı,Fiyat Bulunamadı,"{""75 cm"": ""Derinlik"", ""70 cm"": ""Genişlik"", ""187 cm"": ""Yükseklik"", ""Sıcaklık Yükselme Süresi (Saat)"": ""15"", ""Ürün Rengi"": ""Leke Tutmayan İnoks"", ""Dondurucu Yeri"": ""Dondurucu Üstte"", ""Ürün Tipi"": ""Çift Kapılı"", ""Kontrol Sistemi"": ""Elektronik"", ""Tatil Modu"": ""Var"", ""Aydınlatma Tipi"": ""Tavandan parlak LED"", ""Kapı Yönü Değiştirme"": ""Var"", ""İklim Sınıfı"": ""SN-T"", ""Ses Seviyesi"": ""38 dBA"", ""Toplam Hacim (L)"": ""477 L"", ""Ses Seviyesi Sınıfı"": ""C"", ""Soğutma Sistemi"": ""No Frost"", ""Soğutucu Bölme Fanı"": ""Var"", ""Soğutucu Bölme Hacmi (L)"": ""354 L"", ""Kahvaltılık Çekmecesi"": ""Var"", ""Buzluk Tipi"": ""Kapaklı buzluk"", ""Günlük Dondurma Kapasitesi (kg/Gün)"": ""5.6 kg"", ""Dondurucu Bölme Hacmi (L)"": ""123 L"", ""Sebzelik Adedi"": ""1"", ""Enerji Sınıfı"": ""E"", ""Yıllık Enerji Tüketimi (kWh)"": ""274.2"", ""Günlük Enerji Tüketimi (kwh/Gün)"": ""0.74"", ""Günlük enerji tüketimi 16°C (kWh/24h) (EU_2021_EP)"": ""0.438"", ""Ağırlık: Paketsiz"": ""81 kg"", ""Boyut (cm) (GxYxD)"": ""70 cm"", ""Derinlik"": ""74.6 cm""}",E,8,,[],{},[]
https://www.beko.com.tr/ustten-donduruculu-buzdolabi/983632-ei-fit-buzdolabi,983632 EI Fit Üstten Donduruculu Buzdolabı,Fiyat Bulunamadı,"{""76 cm"": ""Derinlik"", ""83 cm"": ""Genişlik"", ""188 cm"": ""Yükseklik""}",E,6,,[],{},[]
https://www.beko.com.tr/ustten-donduruculu-buzdolabi/970471-mb-buzdolabi,970471 MB Üstten Donduruculu Buzdolabı,Fiyat Bulunamadı,"{""75 cm"": ""Derinlik"", ""70 cm"": ""Genişlik"", ""178 cm"": ""Yükseklik""}",E,12,,[],{},[]
https://www.beko.com.tr/cekmeceli-derin-dondurucu/7682-nfi-derin-dondurucu,7682 NFI Çekmeceli Derin Dondurucu,Fiyat Bulunamadı,"{""Toplam Dondurucu Bölme Sayısı"": ""8"", ""Soğutma Sistemi"": ""No Frost"", ""71 cm"": ""Derinlik"", ""60 cm"": ""Genişlik"", ""187 cm"": ""Yükseklik"", ""Sıcaklık Yükselme Süresi (Saat)"": ""9"", ""Ürün Rengi"": ""Leke Tutmayan İnoks"", ""Dondurucu Yeri"": ""Dikey Dondurucu"", ""Ürün Tipi"": ""Tek Kapılı"", ""Kontrol Sistemi"": ""Mekanik Sensörlü"", ""ProSmart™ Inverter Kompresör"": ""Var"", ""Kapı Yönü Değiştirme"": ""Var"", ""İklim Sınıfı"": ""SN-T"", ""Ses Seviyesi"": ""38 dBA"", ""Toplam Hacim (L)"": ""286 L"", ""Ses Seviyesi Sınıfı"": ""C"", ""Dondurucu Çekmece Sayısı"": ""5"", ""Buzluk Tipi"": ""Kapaklı buzluk"", ""Günlük Dondurma Kapasitesi (kg/Gün)"": ""14.9 kg"", ""Dondurucu Bölme Hacmi (L)"": ""286 L"", ""Enerji Sınıfı"": ""E"", ""Yıllık Enerji Tüketimi (kWh)"": ""250.23"", ""Günlük Enerji Tüketimi (kwh/Gün)"": ""0.617"", ""Günlük enerji tüketimi 16°C (kWh/24h) (EU_2021_EP)"": ""0.403"", ""Ağırlık: Paketsiz"": ""71 kg"", ""Boyut (cm) (GxYxD)"": ""59.7 cm"", ""Derinlik"": ""70.9 cm""}",E,1,,[],"{""Toplam Dondurucu Bölme Sayısı"": ""8"", ""Soğutma Sistemi"": ""No Frost""}",[]
https://www.beko.com.tr/cekmeceli-derin-dondurucu/7071-mnfb-derin-dondurucu,7071 MNFB Çekmeceli Derin Dondurucu,Fiyat Bulunamadı,"{""Toplam Dondurucu Bölme Sayısı"": ""7"", ""Soğutma Sistemi"": ""No Frost"", ""71 cm"": ""Derinlik"", ""60 cm"": ""Genişlik"", ""171 cm"": ""Yükseklik"", ""Sıcaklık Yükselme Süresi (Saat)"": ""11"", ""Ürün Rengi"": ""Beyaz"", ""Dondurucu Yeri"": ""Dikey Dondurucu"", ""Ürün Tipi"": ""Tek Kapılı"", ""Kontrol Sistemi"": ""Mekanik Sensörlü"", ""ProSmart™ Inverter Kompresör"": ""Var"", ""Kapı Yönü Değiştirme"": ""Var"", ""İklim Sınıfı"": ""SN-T"", ""Ses Seviyesi"": ""38 dBA"", ""Toplam Hacim (L)"": ""260 L"", ""Ses Seviyesi Sınıfı"": ""C"", ""Dondurucu Çekmece Sayısı"": ""5"", ""Buzluk Tipi"": ""Kapaklı buzluk"", ""Günlük Dondurma Kapasitesi (kg/Gün)"": ""15 kg"", ""Dondurucu Bölme Hacmi (L)"": ""260 L"", ""Enerji Sınıfı"": ""E"", ""Yıllık Enerji Tüketimi (kWh)"": ""241.1"", ""Günlük Enerji Tüketimi (kwh/Gün)"": ""0.595"", ""Günlük enerji tüketimi 16°C (kWh/24h) (EU_2021_EP)"": ""0.38"", ""Ağırlık: Paketsiz"": ""69 kg"", ""Boyut (cm) (GxYxD)"": ""59.7 cm"", ""Derinlik"": ""70.9 cm""}",E,3,,[],"{""Toplam Dondurucu Bölme Sayısı"": ""7"", ""Soğutma Sistemi"": ""No Frost""}",[]
https://www.beko.com.tr/ankastre-buzdolabi/b-54275-ynk-e-ankastre-buzdolabi,B 54275 YNK E Ankastre Buzdolabı,Fiyat Bulunamadı,"{""Toplam Hacim (L)"": ""262 L"", ""Ürün Rengi"": ""Beyaz"", ""55 cm"": ""Derinlik"", ""54 cm"": ""Genişlik"", ""178 cm"": ""Yükseklik"", ""Sıcaklık Yükselme Süresi (Saat)"": ""13"", ""Dondurucu Yeri"": ""Dondurucu Altta"", ""Kontrol Sistemi"": ""Mekanik Sensörlü"", ""ProSmart™ Inverter Kompresör"": ""Var"", ""Aydınlatma Tipi"": ""Tavandan LED aydınlatma"", ""Kapı Yönü Değiştirme"": ""Var"", ""Kapı Kilidi"": ""Mevcut Değil"", ""İklim Sınıfı"": ""SN-T"", ""Ses Seviyesi"": ""38 dBA"", ""Ses Seviyesi Sınıfı"": ""C"", ""Soğutma Sistemi"": ""Yarı No Frost (Sadece Dondurucu)"", ""HarvestFresh™"": ""Standard"", ""Soğutucu Bölme Hacmi (L)"": ""193 L"", ""Dondurucu Çekmece Sayısı"": ""3"", ""Buzluk Tipi"": ""Standart"", ""Günlük Dondurma Kapasitesi (kg/Gün)"": ""3.2 kg"", ""Dondurucu Bölme Hacmi (L)"": ""69 L"", ""Sebzelik Adedi"": ""1"", ""Enerji Sınıfı"": ""E"", ""Yıllık Enerji Tüketimi (kWh)"": ""224"", ""Günlük Enerji Tüketimi (kwh/Gün)"": ""0.614"", ""Günlük enerji tüketimi 16°C (kWh/24h) (EU_2021_EP)"": ""0.379"", ""Ağırlık: Paketsiz"": ""57.5 kg"", ""Boyut (cm) (GxYxD)"": ""54 cm"", ""Derinlik"": ""54.5 cm""}",E,7,,[],"{""Toplam Hacim (L)"": ""262 L"", ""Ürün Rengi"": ""Beyaz""}",[]
https://www.beko.com.tr/no-frost-buzdolabi/970357-mb-buzdolabi,970357 MB No Frost Buzdolabı,Fiyat Bulunamadı,"{""66 cm"": ""Derinlik"", ""70 cm"": ""Genişlik"", ""172 cm"": ""Yükseklik"", ""Sıcaklık Yükselme Süresi (Saat)"": ""12"", ""Ürün Rengi"": ""Beyaz"", ""Dondurucu Yeri"": ""Dondurucu Üstte"", ""Ürün Tipi"": ""Çift Kapılı"", ""Kontrol Sistemi"": ""Mekanik"", ""Tatil Modu"": ""Var"", ""Aydınlatma Tipi"": ""Sol yan duvarda LED aydınlatma"", ""Kapı Yönü Değiştirme"": ""Var"", ""İklim Sınıfı"": ""SN-T"", ""Ses Seviyesi"": ""39 dBA"", ""Toplam Hacim (L)"": ""357 L"", ""Ses Seviyesi Sınıfı"": ""C"", ""Soğutma Sistemi"": ""No Frost"", ""Hızlı Soğutma"": ""Var"", ""Soğutucu Bölme Fanı"": ""Var"", ""Soğutucu Bölme Hacmi (L)"": ""264 L"", ""Buzluk Tipi"": ""Standart buzluk"", ""Günlük Dondurma Kapasitesi (kg/Gün)"": ""6 kg"", ""Dondurucu Bölme Hacmi (L)"": ""93 L"", ""Sebzelik Adedi"": ""1"", ""Enerji Sınıfı"": ""E"", ""Yıllık Enerji Tüketimi (kWh)"": ""242"", ""Günlük Enerji Tüketimi (kwh/Gün)"": ""0.663"", ""Günlük enerji tüketimi 16°C (kWh/24h) (EU_2021_EP)"": ""0.36"", ""Ağırlık: Paketsiz"": ""60 kg"", ""Boyut (cm) (GxYxD)"": ""70 cm"", ""Derinlik"": ""65.5 cm""}",E,73,,[],{},[]
https://www.beko.com.tr/no-frost-buzdolabi/970475-ei-buzdolabi,970475 EI No Frost Buzdolabı,Fiyat Bulunamadı,"{""75 cm"": ""Derinlik"", ""70 cm"": ""Genişlik"", ""187 cm"": ""Yükseklik"", ""Sıcaklık Yükselme Süresi (Saat)"": ""15"", ""Ürün Rengi"": ""Leke Tutmayan İnoks"", ""Dondurucu Yeri"": ""Dondurucu Üstte"", ""Ürün Tipi"": ""Çift Kapılı"", ""Elektronik Gösterge"": ""Electronic display on door – Kapı üzerinde elektronik display (Touch)"", ""Kontrol Sistemi"": ""Elektronik"", ""Tatil Modu"": ""Var"", ""Aydınlatma Tipi"": ""Tavandan parlak LED"", ""Kapı Yönü Değiştirme"": ""Var"", ""İklim Sınıfı"": ""SN-T"", ""Ses Seviyesi"": ""38 dBA"", ""Toplam Hacim (L)"": ""477 L"", ""Ses Seviyesi Sınıfı"": ""C"", ""Soğutma Sistemi"": ""No Frost"", ""Soğutucu Bölme Fanı"": ""Var"", ""EverFresh+ Teknolojisi"": ""Var"", ""HarvestFresh™"": ""Standard"", ""Soğutucu Bölme Hacmi (L)"": ""354 L"", ""Kahvaltılık Çekmecesi"": ""Var"", ""Buzluk Tipi"": ""Kapaklı ve Buz Haneli Buzluk (1 Adet)"", ""Dondurucu Bölme Aydınlatma Tipi"": ""LED"", ""Günlük Dondurma Kapasitesi (kg/Gün)"": ""7 kg"", ""Dondurucu Bölme Hacmi (L)"": ""123 L"", ""Sebzelik Adedi"": ""1"", ""Enerji Sınıfı"": ""E"", ""Yıllık Enerji Tüketimi (kWh)"": ""274.2"", ""Günlük Enerji Tüketimi (kwh/Gün)"": ""0.74"", ""Günlük enerji tüketimi 16°C (kWh/24h) (EU_2021_EP)"": ""0.438"", ""Ağırlık: Paketsiz"": ""83.1 kg"", ""Boyut (cm) (GxYxD)"": ""70 cm"", ""Derinlik"": ""74.6 cm""}",E,88,,[],{},[]
https://www.beko.com.tr/no-frost-buzdolabi/670475-eb-buzdolabi,670475 EB No Frost Buzdolabı,Fiyat Bulunamadı,"{""75 cm"": ""Derinlik"", ""70 cm"": ""Genişlik"", ""187 cm"": ""Yükseklik"", ""Sıcaklık Yükselme Süresi (Saat)"": ""15"", ""Ürün Rengi"": ""Beyaz"", ""Dondurucu Yeri"": ""Dondurucu Altta"", ""Elektronik Gösterge"": ""Electronic display on door – Kapı üzerinde elektronik display (Tact)"", ""Kontrol Sistemi"": ""Elektronik"", ""Tatil Modu"": ""Var"", ""Aydınlatma Tipi"": ""Tavandan LED aydınlatma"", ""Kapı Yönü Değiştirme"": ""Var"", ""İklim Sınıfı"": ""SN-T"", ""Ses Seviyesi"": ""36 dBA"", ""Toplam Hacim (L)"": ""475 L"", ""Ses Seviyesi Sınıfı"": ""C"", ""Soğutma Sistemi"": ""No Frost"", ""Soğutucu Bölme Fanı"": ""Var"", ""HarvestFresh™"": ""Standard"", ""Soğutucu Bölme Hacmi (L)"": ""340 L"", ""Kahvaltılık Çekmecesi"": ""Var"", ""Dondurucu Çekmece Sayısı"": ""2"", ""Buzluk Tipi"": ""Kapaklı buzluk"", ""Günlük Dondurma Kapasitesi (kg/Gün)"": ""8.5 kg"", ""Dondurucu Bölme Hacmi (L)"": ""135 L"", ""Sebzelik Adedi"": ""1"", ""Enerji Sınıfı"": ""E"", ""Yıllık Enerji Tüketimi (kWh)"": ""284.7"", ""Günlük Enerji Tüketimi (kwh/Gün)"": ""0.78"", ""Günlük enerji tüketimi 16°C (kWh/24h) (EU_2021_EP)"": ""0.48"", ""Ağırlık: Paketsiz"": ""87.5 kg"", ""Boyut (cm) (GxYxD)"": ""70 cm"", ""Derinlik"": ""74.5 cm""}",E,80,,[],{},"[{""yildiz"": ""5"", ""baslik"": """", ""sahip_adi"": ""Serkan Y"", ""tarih"": ""15-03-2026"", ""metin"": ""Güzel cihaz sessiz"", ""evet_sayisi"": ""Evet"", ""hayir_sayisi"": ""Hayır"", ""cevap"": ""Müşteri Temsilcisi: Merhaba, yorumunuz için teşekkür ederiz.""}, {""yildiz"": ""5"", ""baslik"": ""Yetkili Bayi"", ""sahip_adi"": ""Alpaslan Ö"", ""tarih"": ""29-11-2024"", ""metin"": ""Manisa TKJN Beko Mağazasından 1 Yıl içerisinde bu ürün de dahil olmak üzere 9 parça ürün aldım, hepsi tüm beklentilerimi karşıladı. Fakat yeteri kadar özen gösterilmediğini düşündüğüm bir konudan bahsetmek istiyorum, iyi işler ve kişiler takdir ediliyordur diye umuyorum. Manisa TKN Beko Mağaza Müşteri Temsilcisi Onur Bey tüm alışveriş sürecinde bana azami ilgi ve yardımı gösterdi, çok nazik saygılı, müşteri memnuniyeti adına son derece duyarlı, ürünler ve kampanyalar konusunda gayet donanımlı, sanırım bir teşekkürü ve de bunun bilinmesini hak ediyor."", ""evet_sayisi"": ""1"", ""hayir_sayisi"": ""Hayır"", ""cevap"": ""Müşteri Temsilcisi: Merhaba, sizin memnuniyetiniz en öncelikli hedefimiz. Güzel yorumunuz için teşekkür ederiz.""}]"
https://www.beko.com.tr/no-frost-buzdolabi/660316-mb-buzdolabi,660316 MB No Frost Buzdolabı,Fiyat Bulunamadı,"{""66 cm"": ""Derinlik"", ""60 cm"": ""Genişlik"", ""187 cm"": ""Yükseklik"", ""Sıcaklık Yükselme Süresi (Saat)"": ""11"", ""Ürün Rengi"": ""Beyaz"", ""Dondurucu Yeri"": ""Dondurucu Altta"", ""Ürün Tipi"": ""Çift Kapılı"", ""Kontrol Sistemi"": ""Mekanik Sensörlü"", ""Tatil Modu"": ""Var"", ""Eko Modu"": ""Var"", ""Aydınlatma Tipi"": ""Tavandan LED aydınlatma"", ""Kapı Yönü Değiştirme"": ""Var"", ""İklim Sınıfı"": ""SN-T"", ""Ses Seviyesi"": ""37 dBA"", ""Toplam Hacim (L)"": ""316 L"", ""Ses Seviyesi Sınıfı"": ""C"", ""Soğutma Sistemi"": ""No Frost"", ""Soğutucu Bölme Hacmi (L)"": ""210 L"", ""Dondurucu Çekmece Sayısı"": ""2"", ""Buzluk Tipi"": ""Standart buzluk"", ""Günlük Dondurma Kapasitesi (kg/Gün)"": ""6 kg"", ""Dondurucu Bölme Hacmi (L)"": ""106 L"", ""Sebzelik Adedi"": ""1"", ""Enerji Sınıfı"": ""E"", ""Yıllık Enerji Tüketimi (kWh)"": ""247.11"", ""Günlük Enerji Tüketimi (kwh/Gün)"": ""0.247"", ""Günlük enerji tüketimi 16°C (kWh/24h) (EU_2021_EP)"": ""0.494"", ""Ağırlık: Paketsiz"": ""67.5 kg"", ""Boyut (cm) (GxYxD)"": ""59.5 cm"", ""Derinlik"": ""66.3 cm""}",E,41,,[],{},[]
https://www.beko.com.tr/no-frost-buzdolabi/660316-mi-buzdolabi,660316 MI No Frost Buzdolabı,Fiyat Bulunamadı,"{""66 cm"": ""Derinlik"", ""60 cm"": ""Genişlik"", ""187 cm"": ""Yükseklik"", ""Sıcaklık Yükselme Süresi (Saat)"": ""11"", ""Ürün Rengi"": ""Leke Tutmayan İnoks"", ""Dondurucu Yeri"": ""Dondurucu Altta"", ""Ürün Tipi"": ""Çift Kapılı"", ""Kontrol Sistemi"": ""Mekanik Sensörlü"", ""Tatil Modu"": ""Var"", ""Eko Modu"": ""Var"", ""Aydınlatma Tipi"": ""Tavandan LED aydınlatma"", ""Kapı Yönü Değiştirme"": ""Var"", ""İklim Sınıfı"": ""SN-T"", ""Ses Seviyesi"": ""37 dBA"", ""Toplam Hacim (L)"": ""316 L"", ""Ses Seviyesi Sınıfı"": ""C"", ""Soğutma Sistemi"": ""No Frost"", ""Soğutucu Bölme Hacmi (L)"": ""210 L"", ""Dondurucu Çekmece Sayısı"": ""2"", ""Buzluk Tipi"": ""Standart buzluk"", ""Günlük Dondurma Kapasitesi (kg/Gün)"": ""6 kg"", ""Dondurucu Bölme Hacmi (L)"": ""106 L"", ""Sebzelik Adedi"": ""1"", ""Enerji Sınıfı"": ""E"", ""Yıllık Enerji Tüketimi (kWh)"": ""247.11"", ""Günlük Enerji Tüketimi (kwh/Gün)"": ""0.247"", ""Günlük enerji tüketimi 16°C (kWh/24h) (EU_2021_EP)"": ""0.494"", ""Ağırlık: Paketsiz"": ""67.5 kg"", ""Boyut (cm) (GxYxD)"": ""59.5 cm"", ""Derinlik"": ""66.3 cm""}",E,38,,[],{},[]
https://www.beko.com.tr/no-frost-buzdolabi/670475-ei-buzdolabi,670475 EI No Frost Buzdolabı,Fiyat Bulunamadı,"{""75 cm"": ""Derinlik"", ""70 cm"": ""Genişlik"", ""187 cm"": ""Yükseklik"", ""Sıcaklık Yükselme Süresi (Saat)"": ""15"", ""Ürün Rengi"": ""Leke Tutmayan İnoks"", ""Dondurucu Yeri"": ""Dondurucu Altta"", ""Elektronik Gösterge"": ""Electronic display on door – Kapı üzerinde elektronik display (Tact)"", ""Kontrol Sistemi"": ""Elektronik"", ""Tatil Modu"": ""Var"", ""Aydınlatma Tipi"": ""Tavandan LED aydınlatma"", ""Kapı Yönü Değiştirme"": ""Var"", ""İklim Sınıfı"": ""SN-T"", ""Ses Seviyesi"": ""36 dBA"", ""Toplam Hacim (L)"": ""475 L"", ""Ses Seviyesi Sınıfı"": ""C"", ""Soğutma Sistemi"": ""No Frost"", ""Soğutucu Bölme Fanı"": ""Var"", ""HarvestFresh™"": ""Standard"", ""Soğutucu Bölme Hacmi (L)"": ""340 L"", ""Kahvaltılık Çekmecesi"": ""Var"", ""Dondurucu Çekmece Sayısı"": ""2"", ""Buzluk Tipi"": ""Kapaklı ve Buz Haneli Buzluk (1 Adet)"", ""Günlük Dondurma Kapasitesi (kg/Gün)"": ""8.5 kg"", ""Dondurucu Bölme Hacmi (L)"": ""135 L"", ""Sebzelik Adedi"": ""1"", ""Enerji Sınıfı"": ""E"", ""Yıllık Enerji Tüketimi (kWh)"": ""284.7"", ""Günlük Enerji Tüketimi (kwh/Gün)"": ""0.78"", ""Günlük enerji tüketimi 16°C (kWh/24h) (EU_2021_EP)"": ""0.48"", ""Ağırlık: Paketsiz"": ""87.5 kg"", ""Boyut (cm) (GxYxD)"": ""70 cm"", ""Derinlik"": ""74.5 cm""}",E,101,,[],{},[]
https://www.beko.com.tr/no-frost-buzdolabi/678552-ei-ai-fit-buzdolabi,678552 EI AI Fit Yapay Zeka Teknolojili No Frost Buzdolabı,Fiyat Bulunamadı,"{""Dondurucu Bölme Teknolojisi"": ""Sabit Set Değerli"", ""76 cm"": ""Derinlik"", ""78 cm"": ""Genişlik"", ""188 cm"": ""Yükseklik"", ""Sıcaklık Yükselme Süresi (Saat)"": ""14"", ""Ürün Rengi"": ""Leke Tutmayan İnoks"", ""Dondurucu Yeri"": ""Dondurucu Altta"", ""Elektronik Gösterge"": ""Electronic display on door – Kapı üzerinde elektronik display (Touch)"", ""Kontrol Sistemi"": ""Elektronik"", ""Tatil Modu"": ""Var"", ""ProSmart™ Inverter Kompresör"": ""Var"", ""Aydınlatma Tipi"": ""Tavandan LED aydınlatma"", ""Kapı Yönü Değiştirme"": ""Var"", ""İklim Sınıfı"": ""SN-T"", ""Ses Seviyesi"": ""35 dBA"", ""Toplam Hacim (L)"": ""551 L"", ""Ses Seviyesi Sınıfı"": ""B"", ""Soğutma/Dondurma Modu"": ""Taze gıda / Dondurucu (Dört yıldızlı)"", ""Soğutma Sistemi"": ""No Frost"", ""Soğutucu Bölme Fanı"": ""Var"", ""EverFresh+ Teknolojisi"": ""Var"", ""HarvestFresh™"": ""Standard"", ""Soğutucu Bölme Hacmi (L)"": ""401 L"", ""Kahvaltılık Çekmecesi"": ""Var"", ""Dondurucu Çekmece Sayısı"": ""2"", ""Buzluk Tipi"": ""Kapaklı ve Buz Haneli Buzluk (1 Adet)"", ""Günlük Dondurma Kapasitesi (kg)"": ""7 kg"", ""Dondurucu Bölme Aydınlatma Tipi"": ""Aydınlatmalı Özel Kapı Tasarımı"", ""Dondurucu Bölme Hacmi (L)"": ""150 L"", ""Sebzelik Adedi"": ""1"", ""Enerji Sınıfı"": ""C"", ""Yıllık Enerji Tüketimi (kWh)"": ""192.72"", ""Günlük Enerji Tüketimi (kwh/Gün)"": ""0.528"", ""Günlük enerji tüketimi 16°C (kWh/24h) (EU_2021_EP)"": ""0.311"", ""Ağırlık: Paketsiz"": ""105 kg"", ""Boyut (cm) (GxYxD)"": ""78 cm"", ""Derinlik"": ""76 cm""}",C,45,,[],"{""Dondurucu Bölme Teknolojisi"": ""Sabit Set Değerli""}",[]
https://www.beko.com.tr/gardirop-tipi-buzdolabi/191572-esc-buzdolabi,191572 ESC Gardırop Tipi Buzdolabı,Fiyat Bulunamadı,"{""71 cm"": ""Derinlik"", ""91 cm"": ""Genişlik"", ""182 cm"": ""Yükseklik"", ""Sıcaklık Yükselme Süresi (Saat)"": ""10"", ""Ürün Rengi"": ""Siyah Cam"", ""Dondurucu Yeri"": ""Dondurucu Altta"", ""Elektronik Gösterge"": ""Electronic display on door – Kapı üzerinde elektronik display (Tact)"", ""Kontrol Sistemi"": ""Elektronik"", ""Tatil Modu"": ""Var"", ""Eko Modu"": ""Var"", ""ProSmart™ Inverter Kompresör"": ""Var"", ""Aydınlatma Tipi"": ""Yan duvarlarda LED aydınlatma"", ""Hareketli Kapı Rafı"": ""Var"", ""İklim Sınıfı"": ""SN-T"", ""Ses Seviyesi"": ""37 dBA"", ""Toplam Hacim (L)"": ""572 L"", ""Ses Seviyesi Sınıfı"": ""C"", ""Soğutma Sistemi"": ""No Frost"", ""Hızlı Soğutma"": ""Var"", ""Soğutucu Bölme Fanı"": ""Var"", ""EverFresh+ Teknolojisi"": ""Var"", ""HarvestFresh™"": ""Standard"", ""Soğutucu Bölme Hacmi (L)"": ""376 L"", ""Kahvaltılık Çekmecesi"": ""Var"", ""Toplam Dondurucu Bölme Sayısı"": ""3"", ""Dondurucu Çekmece Sayısı"": ""4"", ""Dondurucu Bölme Aydınlatma Tipi"": ""LED"", ""Günlük Dondurma Kapasitesi (kg/Gün)"": ""4.6 kg"", ""Dondurucu Bölme Hacmi (L)"": ""196 L"", ""Sebzelik Adedi"": ""2"", ""Enerji Sınıfı"": ""E"", ""Yıllık Enerji Tüketimi (kWh)"": ""337.8"", ""Günlük Enerji Tüketimi (kwh/Gün)"": ""0.862"", ""Günlük enerji tüketimi 16°C (kWh/24h) (EU_2021_EP)"": ""0.51"", ""Ağırlık: Paketsiz"": ""127 kg"", ""Boyut (cm) (GxYxD)"": ""90.8 cm"", ""Derinlik"": ""70.5 cm""}",E,8,,[],{},[]
https://www.beko.com.tr/no-frost-buzdolabi/678552-ei-buzdolabi,678552 EI No Frost Buzdolabı,Fiyat Bulunamadı,"{""Dondurucu Bölme Teknolojisi"": ""Sabit Set Değerli"", ""76 cm"": ""Derinlik"", ""78 cm"": ""Genişlik"", ""187 cm"": ""Yükseklik"", ""Sıcaklık Yükselme Süresi (Saat)"": ""14"", ""Ürün Rengi"": ""Leke Tutmayan İnoks"", ""Dondurucu Yeri"": ""Dondurucu Altta"", ""Elektronik Gösterge"": ""Electronic display on door – Kapı üzerinde elektronik display (Touch)"", ""Kontrol Sistemi"": ""Elektronik"", ""Tatil Modu"": ""Var"", ""ProSmart™ Inverter Kompresör"": ""Var"", ""Aydınlatma Tipi"": ""Tavandan LED aydınlatma"", ""Kapı Yönü Değiştirme"": ""Var"", ""Hareketli Gövde Rafı"": ""Var"", ""İklim Sınıfı"": ""SN-T"", ""Ses Seviyesi"": ""35 dBA"", ""Toplam Hacim (L)"": ""551 L"", ""Ses Seviyesi Sınıfı"": ""B"", ""Soğutma/Dondurma Modu"": ""Taze gıda / Dondurucu (Dört yıldızlı)"", ""Soğutma Sistemi"": ""No Frost"", ""Soğutucu Bölme Fanı"": ""Var"", ""EverFresh+ Teknolojisi"": ""Var"", ""HarvestFresh™"": ""Standard"", ""Soğutucu Bölme Hacmi (L)"": ""401 L"", ""Kahvaltılık Çekmecesi"": ""Var"", ""Dondurucu Çekmece Sayısı"": ""2"", ""Buzluk Tipi"": ""Kapaklı ve Buz Haneli Buzluk (1 Adet)"", ""Günlük Dondurma Kapasitesi (kg)"": ""7 kg"", ""Dondurucu Bölme Aydınlatma Tipi"": ""Aydınlatmalı Özel Kapı Tasarımı"", ""Dondurucu Bölme Hacmi (L)"": ""150 L"", ""Sebzelik Adedi"": ""1"", ""Enerji Sınıfı"": ""C"", ""Yıllık Enerji Tüketimi (kWh)"": ""199"", ""Günlük Enerji Tüketimi (kwh/Gün)"": ""0.546"", ""Günlük enerji tüketimi 16°C (kWh/24h) (EU_2021_EP)"": ""0.321"", ""Ağırlık: Paketsiz"": ""105 kg"", ""Boyut (cm) (GxYxD)"": ""78 cm"", ""Derinlik"": ""76 cm""}",C,82,,[],"{""Dondurucu Bölme Teknolojisi"": ""Sabit Set Değerli""}","[{""yildiz"": ""5"", ""baslik"": ""teşekkürler"", ""sahip_adi"": ""SERKAN K"", ""tarih"": ""25-10-2024"", ""metin"": ""ürünü internet üzerinden satın aldım. uzun bir süre araştırdıktan sonra bu üründe karar verdi. şimdi ise iyi ki almışım diyorum. gerçekten herşeyi ile çok iyi düşünülmüş eksiksiz bir cihaz. elektrik tüketimi de çok çok iyi. herkese tavsiye ederim. teşekkürler BEKO"", ""evet_sayisi"": ""1"", ""hayir_sayisi"": ""Hayır"", ""cevap"": ""Müşteri Temsilcisi: Merhaba, görüşleriniz bizim için çok değerli, bu güzel paylaşımınız için çok teşekkür ederiz.""}]"
https://www.beko.com.tr/ankastre-buzdolabi/b-69400-nfk-e-ankastre-buzdolabi,B 69400 NFK E Ankastre Buzdolabı,Fiyat Bulunamadı,"{""Toplam Hacim (L)"": ""370 L"", ""Ürün Rengi"": ""Beyaz"", ""55 cm"": ""Derinlik"", ""69 cm"": ""Genişlik"", ""194 cm"": ""Yükseklik"", ""Sıcaklık Yükselme Süresi (Saat)"": ""9"", ""Dondurucu Yeri"": ""Dondurucu Altta"", ""Ürün Tipi"": ""Çift Kapılı"", ""Elektronik Gösterge"": ""Electronic display on front top trim – Alınlıkta display (Touch)"", ""Kontrol Sistemi"": ""Elektronik"", ""Tatil Modu"": ""Var"", ""Eko Modu"": ""Var"", ""ProSmart™ Inverter Kompresör"": ""Var"", ""Aydınlatma Tipi"": ""Tavandan LED aydınlatma"", ""Kapı Yönü Değiştirme"": ""Var"", ""İklim Sınıfı"": ""SN-T"", ""Ses Seviyesi"": ""35 dBA"", ""Ses Seviyesi Sınıfı"": ""B"", ""Soğutma Sistemi"": ""No Frost"", ""Soğutucu Bölme Fanı"": ""Var"", ""EverFresh+ Teknolojisi"": ""Var"", ""HarvestFresh™"": ""Standard"", ""Soğutucu Bölme Hacmi (L)"": ""280 L"", ""Kahvaltılık Çekmecesi"": ""Var"", ""Dondurucu Çekmece Sayısı"": ""3"", ""Buzluk Tipi"": ""Kapaklı ve Buz Haneli Buzluk (1 Adet)"", ""Günlük Dondurma Kapasitesi (kg/Gün)"": ""5.2 kg"", ""Dondurucu Bölme Hacmi (L)"": ""90 L"", ""Sebzelik Adedi"": ""1"", ""Enerji Sınıfı"": ""D"", ""Yıllık Enerji Tüketimi (kWh)"": ""197.7"", ""Günlük Enerji Tüketimi (kwh/Gün)"": ""0.541"", ""Günlük enerji tüketimi 16°C (kWh/24h) (EU_2021_EP)"": ""0.348"", ""Ağırlık: Paketsiz"": ""85 kg"", ""Boyut (cm) (GxYxD)"": ""69 cm"", ""Derinlik"": ""55 cm""}",D,4,,[],"{""Toplam Hacim (L)"": ""370 L"", ""Ürün Rengi"": ""Beyaz""}",[]
https://www.beko.com.tr/no-frost-buzdolabi/983628-eb-buzdolabi,983628 EB No Frost Buzdolabı,Fiyat Bulunamadı,"{""76 cm"": ""Derinlik"", ""83 cm"": ""Genişlik"", ""188 cm"": ""Yükseklik"", ""Sıcaklık Yükselme Süresi (Saat)"": ""20"", ""Ürün Rengi"": ""Beyaz"", ""Dondurucu Yeri"": ""Dondurucu Üstte"", ""Elektronik Gösterge"": ""Electronic display on door – Kapı üzerinde elektronik display (Tact)"", ""Kontrol Sistemi"": ""Elektronik"", ""Tatil Modu"": ""Var"", ""ProSmart™ Inverter Kompresör"": ""Var"", ""Aydınlatma Tipi"": ""Tavandan LED aydınlatma"", ""Kapı Yönü Değiştirme"": ""Var"", ""İklim Sınıfı"": ""SN-T"", ""Ses Seviyesi"": ""37 dBA"", ""Toplam Hacim (L)"": ""630 L"", ""Ses Seviyesi Sınıfı"": ""C"", ""Soğutma/Dondurma Modu"": ""Taze gıda / Dondurucu (Dört yıldızlı)"", ""Soğutma Sistemi"": ""No Frost"", ""Soğutucu Bölme Fanı"": ""Var"", ""HarvestFresh™"": ""Standard"", ""Soğutucu Bölme Hacmi (L)"": ""465 L"", ""Kahvaltılık Çekmecesi"": ""Var"", ""Buzluk Tipi"": ""Kapaklı buzluk"", ""Günlük Dondurma Kapasitesi (kg)"": ""10 kg"", ""Dondurucu Bölme Aydınlatma Tipi"": ""LED"", ""Dondurucu Bölme Hacmi (L)"": ""165 L"", ""Sebzelik Adedi"": ""1"", ""Enerji Sınıfı"": ""E"", ""Yıllık Enerji Tüketimi (kWh)"": ""317.62"", ""Günlük Enerji Tüketimi (kwh/Gün)"": ""0.868"", ""Günlük enerji tüketimi 16°C (kWh/24h) (EU_2021_EP)"": ""0.579"", ""Ağırlık: Paketsiz"": ""105 kg"", ""Boyut (cm) (GxYxD)"": ""83.2 cm"", ""Derinlik"": ""76.2 cm""}",E,87,,[],{},"[{""yildiz"": ""4"", ""baslik"": ""hediye"", ""sahip_adi"": ""Hüseyin G"", ""tarih"": ""05-10-2025"", ""metin"": ""aldığım tarihte yanlış hatırlamıyorsam \""çiftli kahve makinesi\"" kampanya dahilinde hediye olarak gelecekti, ancak tarafıma böyle bir hediye iletilmedi"", ""evet_sayisi"": ""1"", ""hayir_sayisi"": ""Hayır"", ""cevap"": ""Müşteri Temsilcisi: Merhaba, konu hakkında kayıtlı iletişim bilgilerinizden size dönüş sağlayacağız.""}, {""yildiz"": ""5"", ""baslik"": ""çok araştırdım iyi ki Beko"", ""sahip_adi"": ""Nuray d"", ""tarih"": ""18-08-2025"", ""metin"": ""merhaba, siparişimi beko sitesinden yaptım ve buzdolabım 24 saat içinde teslim oldu ..Çok beğendik geniş ve kullanımı duruşu herşeyi güzel.Ancak kampanyada belirrtilen hediye verilmedi"", ""evet_sayisi"": ""2"", ""hayir_sayisi"": ""Hayır"", ""cevap"": ""Müşteri Temsilcisi: Merhaba, Beko iletişim merkezinden Defne ben. Kayıtlı iletişim bilgilerinizden size bilgi paylaşacağız.""}, {""yildiz"": ""5"", ""baslik"": ""Buzdolabı"", ""sahip_adi"": ""İbrahim D"", ""tarih"": ""04-07-2025"", ""metin"": ""Ürün hacim konusunda çok iyi. Tüm gıdalarımıza yetti de arttı. İç aydınlatma da çok iyi."", ""evet_sayisi"": ""Evet"", ""hayir_sayisi"": ""Hayır"", ""cevap"": ""Müşteri Temsilcisi: Merhaba, memnuniyetiniz bizim için çok değerli, ürünlerimizi severek tercih ettiğiniz için teşekkür ederiz.""}]"
https://www.beko.com.tr/no-frost-buzdolabi/983628-ei-buzdolabi,983628 EI No Frost Buzdolabı,Fiyat Bulunamadı,"{""76 cm"": ""Derinlik"", ""83 cm"": ""Genişlik"", ""188 cm"": ""Yükseklik"", ""Sıcaklık Yükselme Süresi (Saat)"": ""20"", ""Ürün Rengi"": ""Leke Tutmayan İnoks"", ""Dondurucu Yeri"": ""Dondurucu Üstte"", ""Elektronik Gösterge"": ""Electronic display on door – Kapı üzerinde elektronik display (Tact)"", ""Kontrol Sistemi"": ""Elektronik"", ""Tatil Modu"": ""Var"", ""ProSmart™ Inverter Kompresör"": ""Var"", ""Aydınlatma Tipi"": ""Tavandan LED aydınlatma"", ""Kapı Yönü Değiştirme"": ""Var"", ""İklim Sınıfı"": ""SN-T"", ""Ses Seviyesi"": ""37 dBA"", ""Toplam Hacim (L)"": ""630 L"", ""Ses Seviyesi Sınıfı"": ""C"", ""Soğutma/Dondurma Modu"": ""Taze gıda / Dondurucu (Dört yıldızlı)"", ""Soğutma Sistemi"": ""No Frost"", ""Soğutucu Bölme Fanı"": ""Var"", ""HarvestFresh™"": ""Standard"", ""Soğutucu Bölme Hacmi (L)"": ""465 L"", ""Kahvaltılık Çekmecesi"": ""Var"", ""Buzluk Tipi"": ""Modüler twist buzluk"", ""Günlük Dondurma Kapasitesi (kg)"": ""10 kg"", ""Dondurucu Bölme Aydınlatma Tipi"": ""LED"", ""Dondurucu Bölme Hacmi (L)"": ""165 L"", ""Sebzelik Adedi"": ""1"", ""Enerji Sınıfı"": ""E"", ""Yıllık Enerji Tüketimi (kWh)"": ""317.62"", ""Günlük Enerji Tüketimi (kwh/Gün)"": ""0.868"", ""Günlük enerji tüketimi 16°C (kWh/24h) (EU_2021_EP)"": ""0.579"", ""Ağırlık: Paketsiz"": ""110 kg"", ""Boyut (cm) (GxYxD)"": ""83.2 cm"", ""Derinlik"": ""76.2 cm""}",E,38,,[],{},"[{""yildiz"": ""5"", ""baslik"": ""Gayet Güzel"", ""sahip_adi"": ""Mustafa Ü"", ""tarih"": ""11-01-2026"", ""metin"": ""Ürün büyüklüğü olarak çok iyi. Dondurucu bölümü ve alt bölüm harika ve çok kullanışlı. Eşim çok beğenerek kullanıyor. Çalışma hususunda alet çalışıyor mu çalışmıyor mu bunu bir türlü anlayamadık. Hep sessizde gibi. Çalıştığını dibine gidip cihaza dikkatli bir şekilde kulak vermeden anlaşılmıyor. Çok teşekkür ederiz..."", ""evet_sayisi"": ""1"", ""hayir_sayisi"": ""Hayır"", ""cevap"": ""Müşteri Temsilcisi: Görüşleriniz bizim için çok değerli, paylaşımınız için teşekkür ederiz.""}, {""yildiz"": ""5"", ""baslik"": ""Tam istediğim büyüklükte ve derinlikte"", ""sahip_adi"": ""SEDA S"", ""tarih"": ""13-05-2025"", ""metin"": ""Buzdolabımı Giresun Merkez Yaşarlar Beko Mağazasından aldım, zaten tüm beyaz eşyalarımı ve küçük ev aletlerini oradan alıyorum, mağaza çalışanlarından çok memnunum, onları aile gibi görüyorum ve seviyorum, aldığım hiçbir üründen pişmanlık yaşamadım, servisinden de gayet memnunum."", ""evet_sayisi"": ""2"", ""hayir_sayisi"": ""Hayır"", ""cevap"": ""Müşteri Temsilcisi: Merhaba, sizin memnuniyetiniz en öncelikli hedefimiz. Güzel yorumunuz için teşekkür ederiz.""}]"
https://www.beko.com.tr/no-frost-buzdolabi/970476-mg-buzdolabi,970476 MG No Frost Buzdolabı,Fiyat Bulunamadı,"{""75 cm"": ""Derinlik"", ""70 cm"": ""Genişlik"", ""187 cm"": ""Yükseklik"", ""Sıcaklık Yükselme Süresi (Saat)"": ""15"", ""Ürün Rengi"": ""Manhatten Gri"", ""Dondurucu Yeri"": ""Dondurucu Üstte"", ""Ürün Tipi"": ""Çift Kapılı"", ""Kontrol Sistemi"": ""Elektronik"", ""Tatil Modu"": ""Var"", ""Aydınlatma Tipi"": ""Tavandan parlak LED"", ""Kapı Yönü Değiştirme"": ""Var"", ""İklim Sınıfı"": ""SN-T"", ""Ses Seviyesi"": ""38 dBA"", ""Toplam Hacim (L)"": ""477 L"", ""Ses Seviyesi Sınıfı"": ""C"", ""Soğutma Sistemi"": ""No Frost"", ""Soğutucu Bölme Fanı"": ""Var"", ""Soğutucu Bölme Hacmi (L)"": ""354 L"", ""Kahvaltılık Çekmecesi"": ""Var"", ""Buzluk Tipi"": ""Kapaklı buzluk"", ""Günlük Dondurma Kapasitesi (kg/Gün)"": ""5.6 kg"", ""Dondurucu Bölme Hacmi (L)"": ""123 L"", ""Sebzelik Adedi"": ""1"", ""Enerji Sınıfı"": ""E"", ""Yıllık Enerji Tüketimi (kWh)"": ""274.2"", ""Günlük Enerji Tüketimi (kwh/Gün)"": ""0.74"", ""Günlük enerji tüketimi 16°C (kWh/24h) (EU_2021_EP)"": ""0.438"", ""Ağırlık: Paketsiz"": ""81 kg"", ""Boyut (cm) (GxYxD)"": ""70 cm"", ""Derinlik"": ""74.6 cm""}",E,23,,[],{},[]
https://www.beko.com.tr/no-frost-buzdolabi/670475-mg-buzdolabi,670475 MG No Frost Buzdolabı,Fiyat Bulunamadı,"{""75 cm"": ""Derinlik"", ""70 cm"": ""Genişlik"", ""187 cm"": ""Yükseklik"", ""Sıcaklık Yükselme Süresi (Saat)"": ""15"", ""Ürün Rengi"": ""Manhatten Gri"", ""Dondurucu Yeri"": ""Dondurucu Altta"", ""Kontrol Sistemi"": ""Elektronik"", ""Tatil Modu"": ""Var"", ""Aydınlatma Tipi"": ""Tavandan LED aydınlatma"", ""Kapı Yönü Değiştirme"": ""Var"", ""İklim Sınıfı"": ""SN-T"", ""Ses Seviyesi"": ""36 dBA"", ""Toplam Hacim (L)"": ""475 L"", ""Ses Seviyesi Sınıfı"": ""C"", ""Soğutma Sistemi"": ""No Frost"", ""Soğutucu Bölme Fanı"": ""Var"", ""Soğutucu Bölme Hacmi (L)"": ""340 L"", ""Kahvaltılık Çekmecesi"": ""Var"", ""Dondurucu Çekmece Sayısı"": ""2"", ""Buzluk Tipi"": ""Kapaklı buzluk"", ""Günlük Dondurma Kapasitesi (kg/Gün)"": ""8.5 kg"", ""Dondurucu Bölme Hacmi (L)"": ""135 L"", ""Sebzelik Adedi"": ""2"", ""Enerji Sınıfı"": ""E"", ""Yıllık Enerji Tüketimi (kWh)"": ""284.7"", ""Günlük Enerji Tüketimi (kwh/Gün)"": ""0.78"", ""Günlük enerji tüketimi 16°C (kWh/24h) (EU_2021_EP)"": ""0.48"", ""Ağırlık: Paketsiz"": ""87.5 kg"", ""Boyut (cm) (GxYxD)"": ""70 cm"", ""Derinlik"": ""74.5 cm""}",E,59,,[],{},[]
https://www.beko.com.tr/7-bolmeli-derin-dondurucu/7071-nfb-derin-dondurucu,7071 NFB 7 Bölmeli Derin Dondurucu,Fiyat Bulunamadı,"{""Toplam Dondurucu Bölme Sayısı"": ""7"", ""Soğutma Sistemi"": ""No Frost"", ""75 cm"": ""Derinlik"", ""60 cm"": ""Genişlik"", ""171 cm"": ""Yükseklik"", ""Sıcaklık Yükselme Süresi (Saat)"": ""11"", ""Ürün Rengi"": ""Beyaz"", ""Dondurucu Yeri"": ""Dikey Dondurucu"", ""Elektronik Gösterge"": ""Electronic display on door – Kapı üzerinde elektronik display (Tact)"", ""Kontrol Sistemi"": ""Elektronik"", ""ProSmart™ Inverter Kompresör"": ""Var"", ""Kapı Yönü Değiştirme"": ""Var"", ""Kapı Kilidi"": ""Mevcut Değil"", ""İklim Sınıfı"": ""SN-T"", ""Ses Seviyesi"": ""38 dBA"", ""Toplam Hacim (L)"": ""260 L"", ""Ses Seviyesi Sınıfı"": ""C"", ""Dondurucu Çekmece Sayısı"": ""5"", ""Buzluk Tipi"": ""Kapaklı buzluk"", ""Günlük Dondurma Kapasitesi (kg/Gün)"": ""15 kg"", ""Dondurucu Bölme Hacmi (L)"": ""260 L"", ""Enerji Sınıfı"": ""E"", ""Yıllık Enerji Tüketimi (kWh)"": ""241.89"", ""Günlük Enerji Tüketimi (kwh/Gün)"": ""0.595"", ""Günlük enerji tüketimi 16°C (kWh/24h) (EU_2021_EP)"": ""0.38"", ""Ağırlık: Paketsiz"": ""61 kg"", ""Boyut (cm) (GxYxD)"": ""59.7 cm"", ""Derinlik"": ""75.4 cm""}",E,58,,[],"{""Toplam Dondurucu Bölme Sayısı"": ""7"", ""Soğutma Sistemi"": ""No Frost""}","[{""yildiz"": ""5"", ""baslik"": ""Mukemmel dayaniklilik akilli secim kalitenin 1.si"", ""sahip_adi"": ""Abdullah A"", ""tarih"": ""10-11-2024"", ""metin"": ""Buzdolabi Camasir makinamiz Bulasik makinamiz yillardir ihtiyacimizi gidren sorunsuz kalitenin tek adresi muhendisinden iscisine kadar saygiyla sevgilerle cok tesekkur ederim"", ""evet_sayisi"": ""Evet"", ""hayir_sayisi"": ""Hayır"", ""cevap"": ""Müşteri Temsilcisi: Merhaba, sizin memnuniyetiniz en öncelikli hedefimiz. Güzel yorumunuz için teşekkür ederiz.""}, {""yildiz"": ""5"", ""baslik"": """", ""sahip_adi"": ""Zeynep C"", ""tarih"": ""20-09-2024"", ""metin"": ""Ürünü yıllardır annem kullanıyordu, o çok memnun olduğu için kendime de aldım. Ben de çok memnunum. Sessiz çalışıyor, iç hacmi çok yeterli bence tavsiye ederim"", ""evet_sayisi"": ""1"", ""hayir_sayisi"": ""Hayır"", ""cevap"": ""Müşteri Temsilcisi: Merhaba, ürünlerimizi tercih ettiğiniz için teşekkür ederiz, iyi günlerde kullanmanızı dileriz.""}]"
