Urun_Adi_CSV,Urun_Linki,Urun_Adi_Sayfadan,Urun_Puan_Yuzdelik,Anahtar_Etiketler,Yorum_Linkleri,Sikayet_Sayisi
BFC 430,https://www.sikayetvar.com/beko/bfc-430,"Beko
BFC 430",30,"gün sonu, ankastre fır, ankastre, fırın camı, da çalışmak, ankastre ocak düğmesi",,91
BFC 631,https://www.sikayetvar.com/beko/bfc-631,"Beko
BFC 631",28,"bfc 632 b, ankastre fır, kimin, fırın ızgara teli, garanti belgesi, karalar, ocak düğmesi",,86
BFC 220 HB,https://www.sikayetvar.com/beko/bfc-220-hb,"Beko
BFC 220 HB",50,"11 kilo çamaşır makinesi, 9 kg çamaşır makinesi, yetkili servisi, 11 kg çamaşır makinesi",,36
BFC 321,https://www.sikayetvar.com/beko/bfc-321,"Beko
BFC 321",33,,,21
BFM 310,https://www.sikayetvar.com/beko/bfm-310,"Beko
BFM 310",,"garanti belgesi, bfm 310 b, müşteri hizmetleri, ve farkı, ac, ek garanti, mağdur",,18
BFC 630,https://www.sikayetvar.com/beko/bfc-630,"Beko
BFC 630",33,"garanti süresi, yetkili servis, aparat, ek garanti",,18
BFC 330,https://www.sikayetvar.com/beko/bfc-330,"Beko
BFC 330",25,,,16
AFE 24300,https://www.sikayetvar.com/beko/afe-24300,"Beko
AFE 24300",33,,,11
BFC 431 B,https://www.sikayetvar.com/beko/bfc-431-b,"Beko
BFC 431 B",40,"yetkili servis, ac, değişim talebi, ek garanti, iade talebi",,8
OIE 22300 X,https://www.sikayetvar.com/beko/oie-22300-x,"Beko
OIE 22300 X",50,,,7
BFC 431 G,https://www.sikayetvar.com/beko/bfc-431-g,"Beko
BFC 431 G",40,"mağdur, ankastre fır, değişim talebi, yetkili servis",,6
BFM 430,https://www.sikayetvar.com/beko/bfm-430,"Beko
BFM 430",0,"ek garanti, müşteri hizmetleri, yetkili servis",,4
BFC 210,https://www.sikayetvar.com/beko/bfc-210,"Beko
BFC 210",100,,,4
AFE 21000,https://www.sikayetvar.com/beko/afe-21000,"Beko
AFE 21000",,,,4
BFC 320,https://www.sikayetvar.com/beko/bfc-320,"Beko
BFC 320",,,,2
OIM 23300 X,https://www.sikayetvar.com/beko/oim-23300-x,"Beko
OIM 23300 X",,,,4
BOCD T 6510 E,https://www.sikayetvar.com/beko/bocd-t-6510-e,"Beko
BOCD T 6510 E",25,"ocak düğmesi, ankastre ocak düğmesi, aparat, ankastre set üstü ocak",,60
BOCD T 6011 E,https://www.sikayetvar.com/beko/bocd-t-6011-e,"Beko
BOCD T 6011 E",80,"tüketici hakları, cam ocak, randevu oluşturma",,22
BOCD K 6510 EWG,https://www.sikayetvar.com/beko/bocd-k-6510-ewg,"Beko
BOCD K 6510 EWG",40,,,14
AFD 14400,https://www.sikayetvar.com/beko/afd-14400,"Beko
AFD 14400",100,,,11
BOCD K 6510 EWB,https://www.sikayetvar.com/beko/bocd-k-6510-ewb,"Beko
BOCD K 6510 EWB",14,"markası, değişim talebi, yetkili servis, yetkili servisi",,12
AOV 64400 B,https://www.sikayetvar.com/beko/aov-64400-b,"Beko
AOV 64400 B",,"ac, genel müdürlük, mağdur, yetkili servisi",,9
BOMD D 6110 DWI,https://www.sikayetvar.com/beko/bomd-d-6110-dwi,"Beko
BOMD D 6110 DWI",,,,6
BKK 1122,https://www.sikayetvar.com/beko/bkk-1122,"Beko
BKK 1122",,,,4
AOMM 64160 LI,https://www.sikayetvar.com/beko/aomm-64160-li,"Beko
AOMM 64160 LI",,,,1
AOV 64100 S,https://www.sikayetvar.com/beko/aov-64100-s,"Beko
AOV 64100 S",,,,1
HTXG 64121 SX,https://www.sikayetvar.com/beko/htxg-64121-sx,"Beko
HTXG 64121 SX",,,,1
HIC 64401,https://www.sikayetvar.com/beko/hic-64401,"Beko
HIC 64401",,"bir marka, markası, ocak camı",,3
AFM 24300,https://www.sikayetvar.com/beko/afm-24300,"Beko
AFM 24300",0,,,3
AOCG 64110,https://www.sikayetvar.com/beko/aocg-64110,"Beko
AOCG 64110",,"garanti süresi, ocak camı, mağdur, müşteri hizmetleri",,4
BOI 6020 FS,https://www.sikayetvar.com/beko/boi-6020-fs,"Beko
BOI 6020 FS",,,,2
BDE 9062,https://www.sikayetvar.com/beko/bde-9062,"Beko
BDE 9062",,,,1
P 38,https://www.sikayetvar.com/beko/p-38,"Beko
P 38",25,"markası, ac, yetkili servisi, müşteri hizmetleri, yetkili servis",,12
P 39,https://www.sikayetvar.com/beko/p-39,"Beko
P 39",,,,3
P 40,https://www.sikayetvar.com/beko/p-40,"Beko
P 40",,,,3
KB,https://www.sikayetvar.com/beko/kb,"Beko
KB",100,"jebinde uygulaması, markası, ac, iade talebi",,1
Floral RHB 5050,https://www.sikayetvar.com/beko/floral-rhb-5050,"Beko
Floral RHB 5050",,,,18
HBS 8170 C,https://www.sikayetvar.com/beko/hbs-8170-c,"Beko
HBS 8170 C",0,"burada, el blender, hbs 8170, iade talebi, yaz",,4
RHB 2910,https://www.sikayetvar.com/beko/rhb-2910,"Beko
RHB 2910",0,,,2
HBS 5150 Floral,https://www.sikayetvar.com/beko/hbs-5150-floral,"Beko
HBS 5150 Floral",,"el blender, mağdur, numarası, tüketici hakem heyeti",,3
BKK 3099 HBS,https://www.sikayetvar.com/beko/bkk-3099-hbs,"Beko
BKK 3099 HBS",0,"aparat, blender yedek parça, yetkili servis, merkezi",,1
BKK 2153,https://www.sikayetvar.com/beko/bkk-2153,"Beko
BKK 2153",,,,1
BKK-1100 Steambox,https://www.sikayetvar.com/beko/bkk-1100-steambox,"Beko
BKK-1100 Steambox",,,,13
Urun_Adi_CSV,Urun_Linki,Urun_Adi_Sayfadan,Urun_Puan_Yuzdelik,Anahtar_Etiketler,Yorum_Linkleri,Sikayet_Sayisi
BFC 430,https://www.sikayetvar.com/beko/bfc-430,"Beko
BFC 430",30,"gün sonu, ankastre fır, ankastre, fırın camı, da çalışmak, ankastre ocak düğmesi",,91
BFC 631,https://www.sikayetvar.com/beko/bfc-631,"Beko
BFC 631",28,"bfc 632 b, ankastre fır, kimin, fırın ızgara teli, garanti belgesi",,86
BFC 220 HB,https://www.sikayetvar.com/beko/bfc-220-hb,"Beko
BFC 220 HB",50,"11 kilo çamaşır makinesi, 9 kg çamaşır makinesi, yetkili servisi",,36
BFC 321,https://www.sikayetvar.com/beko/bfc-321,"Beko
BFC 321",33,,,21
BFM 310,https://www.sikayetvar.com/beko/bfm-310,"Beko
BFM 310",,"garanti belgesi, bfm 310 b, müşteri hizmetleri, ve farkı",,18
BFC 630,https://www.sikayetvar.com/beko/bfc-630,"Beko
BFC 630",33,"garanti süresi, yetkili servis, aparat, ek garanti",,18
BFC 330,https://www.sikayetvar.com/beko/bfc-330,"Beko
BFC 330",25,,,16
AFE 24300,https://www.sikayetvar.com/beko/afe-24300,"Beko
AFE 24300",33,,,11
BFC 431 B,https://www.sikayetvar.com/beko/bfc-431-b,"Beko
BFC 431 B",40,"yetkili servis, ac, değişim talebi, ek garanti, iade talebi",,8
OIE 22300 X,https://www.sikayetvar.com/beko/oie-22300-x,"Beko
OIE 22300 X",50,,,7
BFC 431 G,https://www.sikayetvar.com/beko/bfc-431-g,"Beko
BFC 431 G",40,"mağdur, ankastre fır, değişim talebi, yetkili servis",,6
BFM 430,https://www.sikayetvar.com/beko/bfm-430,"Beko
BFM 430",0,"ek garanti, müşteri hizmetleri, yetkili servis",,4
BFC 210,https://www.sikayetvar.com/beko/bfc-210,"Beko
BFC 210",100,,,4
AFE 21000,https://www.sikayetvar.com/beko/afe-21000,"Beko
AFE 21000",,,,4
BFC 320,https://www.sikayetvar.com/beko/bfc-320,"Beko
BFC 320",,,,2
OIM 23300 X,https://www.sikayetvar.com/beko/oim-23300-x,"Beko
OIM 23300 X",,,,4
BOCD T 6510 E,https://www.sikayetvar.com/beko/bocd-t-6510-e,"Beko
BOCD T 6510 E",25,"ocak düğmesi, ankastre ocak düğmesi, aparat, ankastre set üstü ocak",,60
BOCD T 6011 E,https://www.sikayetvar.com/beko/bocd-t-6011-e,"Beko
BOCD T 6011 E",80,"tüketici hakları, cam ocak, randevu oluşturma",,22
BOCD K 6510 EWG,https://www.sikayetvar.com/beko/bocd-k-6510-ewg,"Beko
BOCD K 6510 EWG",40,,,14
AFD 14400,https://www.sikayetvar.com/beko/afd-14400,"Beko
AFD 14400",100,,,11
BOCD K 6510 EWB,https://www.sikayetvar.com/beko/bocd-k-6510-ewb,"Beko
BOCD K 6510 EWB",14,"markası, değişim talebi, yetkili servis, yetkili servisi",,12
AOV 64400 B,https://www.sikayetvar.com/beko/aov-64400-b,"Beko
AOV 64400 B",,"ac, genel müdürlük, mağdur, yetkili servisi",,9
BOMD D 6110 DWI,https://www.sikayetvar.com/beko/bomd-d-6110-dwi,"Beko
BOMD D 6110 DWI",,,,6
BKK 1122,https://www.sikayetvar.com/beko/bkk-1122,"Beko
BKK 1122",,,,4
AOMM 64160 LI,https://www.sikayetvar.com/beko/aomm-64160-li,"Beko
AOMM 64160 LI",,,,1
AOV 64100 S,https://www.sikayetvar.com/beko/aov-64100-s,"Beko
AOV 64100 S",,,,1
HTXG 64121 SX,https://www.sikayetvar.com/beko/htxg-64121-sx,"Beko
HTXG 64121 SX",,,,1
HIC 64401,https://www.sikayetvar.com/beko/hic-64401,"Beko
HIC 64401",,"bir marka, markası, ocak camı",,3
AFM 24300,https://www.sikayetvar.com/beko/afm-24300,"Beko
AFM 24300",0,,,3
AOCG 64110,https://www.sikayetvar.com/beko/aocg-64110,"Beko
AOCG 64110",,"garanti süresi, ocak camı, mağdur, müşteri hizmetleri",,4
BOI 6020 FS,https://www.sikayetvar.com/beko/boi-6020-fs,"Beko
BOI 6020 FS",,,,2
BDE 9062,https://www.sikayetvar.com/beko/bde-9062,"Beko
BDE 9062",,,,1
P 38,https://www.sikayetvar.com/beko/p-38,"Beko
P 38",25,"markası, ac, yetkili servisi, müşteri hizmetleri, yetkili servis",,12
P 39,https://www.sikayetvar.com/beko/p-39,"Beko
P 39",,,,3
P 40,https://www.sikayetvar.com/beko/p-40,"Beko
P 40",,,,3
KB 5234 T Vitaminist,https://www.sikayetvar.com/beko/kb-5234-t-vitaminist,"Beko
KB 5234 T Vitaminist",0,,,4
BKK 3094 TB,https://www.sikayetvar.com/beko/bkk-3094-tb,"Beko
BKK 3094 TB",,,,5
HBS 5970 CW,https://www.sikayetvar.com/beko/hbs-5970-cw,"Beko
HBS 5970 CW",,"yetkili servisi, el blender, eskisini getir yenisini al, garanti süresi",,3
TB 8180 C Starlight,https://www.sikayetvar.com/beko/tb-8180-c-starlight,"Beko
TB 8180 C Starlight",,,,3
KB 5134 T,https://www.sikayetvar.com/beko/kb-5134-t,"Beko
KB 5134 T",,,,1
TB 5962 C,https://www.sikayetvar.com/beko/tb-5962-c,"Beko
TB 5962 C",0,"genel müdürlük, iade talebi, mağdur",,2
KB,https://www.sikayetvar.com/beko/kb,"Beko
KB",100,"jebinde uygulaması, markası, ac, iade talebi",,1
Floral RHB 5050,https://www.sikayetvar.com/beko/floral-rhb-5050,"Beko
Floral RHB 5050",,,,18
HBS 8170 C,https://www.sikayetvar.com/beko/hbs-8170-c,"Beko
HBS 8170 C",0,"burada, el blender, hbs 8170, iade talebi, yaz",,4
RHB 2910,https://www.sikayetvar.com/beko/rhb-2910,"Beko
RHB 2910",0,,,2
HBS 5150 Floral,https://www.sikayetvar.com/beko/hbs-5150-floral,"Beko
HBS 5150 Floral",,"el blender, mağdur, numarası, tüketici hakem heyeti",,3
BKK 3099 HBS,https://www.sikayetvar.com/beko/bkk-3099-hbs,"Beko
BKK 3099 HBS",0,"aparat, blender yedek parça, yetkili servis, merkezi",,1
BKK 2153,https://www.sikayetvar.com/beko/bkk-2153,"Beko
BKK 2153",,,,1
BKK-1100 Steambox,https://www.sikayetvar.com/beko/bkk-1100-steambox,"Beko
BKK-1100 Steambox",,,,13
Urun_Adi_CSV,Urun_Linki,Urun_Adi_Sayfadan,Urun_Puan_Yuzdelik,Anahtar_Etiketler,Yorum_Linkleri,Sikayet_Sayisi
BFC 430,https://www.sikayetvar.com/beko/bfc-430,"Beko
BFC 430",30,"gün sonu, ankastre fır, ankastre, fırın camı, da çalışmak, ankastre ocak düğmesi",,91
BFC 631,https://www.sikayetvar.com/beko/bfc-631,"Beko
BFC 631",28,"bfc 632 b, ankastre fır, kimin, fırın ızgara teli, garanti belgesi",,86
BFC 220 HB,https://www.sikayetvar.com/beko/bfc-220-hb,"Beko
BFC 220 HB",50,"11 kilo çamaşır makinesi, 9 kg çamaşır makinesi, yetkili servisi",,36
BFC 321,https://www.sikayetvar.com/beko/bfc-321,"Beko
BFC 321",33,,,21
BFM 310,https://www.sikayetvar.com/beko/bfm-310,"Beko
BFM 310",,"garanti belgesi, bfm 310 b, müşteri hizmetleri, ve farkı",,18
BFC 630,https://www.sikayetvar.com/beko/bfc-630,"Beko
BFC 630",33,"garanti süresi, yetkili servis, aparat, ek garanti",,18
BFC 330,https://www.sikayetvar.com/beko/bfc-330,"Beko
BFC 330",25,,,16
AFE 24300,https://www.sikayetvar.com/beko/afe-24300,"Beko
AFE 24300",33,,,11
BFC 431 B,https://www.sikayetvar.com/beko/bfc-431-b,"Beko
BFC 431 B",40,"yetkili servis, ac, değişim talebi, ek garanti, iade talebi",,8
OIE 22300 X,https://www.sikayetvar.com/beko/oie-22300-x,"Beko
OIE 22300 X",50,,,7
BFC 431 G,https://www.sikayetvar.com/beko/bfc-431-g,"Beko
BFC 431 G",40,"mağdur, ankastre fır, değişim talebi, yetkili servis",,6
